CustomerID,Total,InvoiceNo,Recency
12346,77183.6,1,10
12747,4196.01,11,0
12748,32317.32,206,0
12749,4040.880000000001,5,0
12820,942.34,4,0
12821,92.72,1,7
12822,948.8799999999998,2,2
12823,1759.5,5,2
12824,397.11999999999995,1,1
12826,1474.7199999999998,7,0
12827,430.15,3,0
12828,1018.7099999999999,6,0
12829,293.0,2,11
12830,6814.639999999999,6,1
12831,215.05,1,8
12832,383.03,2,1
12833,417.37999999999994,1,4
12834,312.38,1,9
12836,2612.86,4,1
12837,134.1,1,5
12838,683.1299999999999,2,1
12839,5591.420000000001,14,0
12840,2726.77,4,4
12841,4022.35,25,0
12842,1118.99,2,2
12843,1702.2600000000002,8,2
12844,325.96000000000004,2,0
12845,354.09,4,8
12847,871.5399999999998,1,0
12849,1033.25,2,1
12851,135.17999999999995,1,3
12852,311.54999999999995,1,9
12853,1957.1000000000001,6,4
12854,1324.5,3,2
12855,38.1,1,12
12856,2179.93,6,0
12857,1106.4,2,7
12863,521.2,1,1
12864,147.12,1,4
12867,4036.82,7,0
12868,1607.06,6,6
12871,380.64,2,2
12872,599.97,2,10
12873,374.0,1,9
12875,343.2300000000001,2,4
12877,1535.77,12,0
12878,854.99,2,7
12879,573.22,3,1
12881,298.0,1,9
12882,1463.04,2,0
12883,703.4700000000001,4,0
12884,309.05000000000007,1,2
12885,1175.2200000000003,3,2
12886,1378.4,2,2
12888,354.12,2,7
12890,380.46999999999997,1,0
12891,331.0,3,6
12893,188.14,1,1
12895,372.79999999999995,2,1
12897,216.5,2,6
12901,17654.54,28,0
12902,138.68,1,8
12904,509.5799999999999,2,0
12906,2919.8099999999995,5,0
12908,750.0,2,5
12909,2178.67,5,1
12910,3075.0400000000004,8,0
12912,1662.3000000000002,5,0
12913,2483.63,5,0
12915,363.65,2,4
12916,3006.1499999999996,4,4
12917,594.0,1,4
12919,1335.19,6,0
12920,164.23000000000002,1,0
12921,16587.090000000004,37,0
12922,405.38,1,5
12923,175.72,1,2
12924,925.75,4,2
12925,694.05,2,0
12928,2062.7,5,1
12929,117.85000000000001,1,10
12930,415.8,2,2
12931,42055.95999999999,15,0
12933,607.53,3,0
12935,2160.7,7,0
12936,1063.9,4,0
12937,1504.2699999999995,4,0
12938,114.14,1,0
12939,11581.800000000001,8,2
12940,913.5400000000002,2,1
12942,683.8999999999999,3,4
12944,604.51,2,1
12945,462.95000000000005,1,9
12947,1603.9899999999998,6,4
12948,2064.95,7,0
12949,4167.219999999999,8,1
12950,1843.0,3,0
12951,1064.0700000000002,6,0
12952,1387.79,4,0
12953,329.84999999999997,1,0
12955,4757.16,11,0
12956,108.07,1,10
12957,4017.54,8,0
12962,266.39000000000004,2,0
12963,1856.6300000000003,8,0
12965,771.9099999999996,1,2
12966,160.18,1,0
12967,1660.9,2,11
12968,135.95,1,3
12970,452.23999999999995,4,0
12971,11189.909999999996,86,0
12974,144.8,1,6
12976,738.6,1,7
12977,39.24,1,5
12980,7374.900000000001,9,5
12981,372.22,2,0
12982,390.53999999999996,1,8
12984,97.5,1,0
12985,1239.3799999999999,2,0
12987,558.7,2,2
12988,535.32,1,9
12989,6924.109999999999,15,0
12990,409.5,3,1
12991,503.76,2,0
12993,414.76000000000005,4,0
12994,974.4200000000001,3,0
12995,211.32,1,2
12997,1226.8899999999999,4,0
12999,455.87999999999994,3,6
13000,534.85,3,3
13001,9818.82,13,0
13002,120.94999999999999,1,10
13003,149.05,3,3
13004,5655.91,18,0
13005,513.7,2,5
13006,81.57,1,1
13008,229.47000000000003,1,10
13011,50.550000000000004,1,12
13012,1661.8400000000001,8,0
13013,4810.9400000000005,13,0
13014,3466.28,10,0
13015,3346.2799999999993,5,1
13016,789.8899999999999,3,2
13017,204.0,1,0
13018,7277.699999999999,28,0
13021,2616.3799999999997,9,0
13023,599.9000000000001,2,2
13026,975.3600000000001,5,0
13027,6912.0,6,3
13028,661.3199999999999,2,0
13029,1247.5,3,1
13030,799.4799999999999,2,0
13032,1010.18,2,1
13033,190.54999999999998,1,11
13034,642.7700000000001,2,1
13035,921.8799999999999,2,2
13037,881.0699999999999,3,4
13038,908.46,3,2
13040,676.99,2,0
13043,516.4200000000001,1,9
13044,560.4700000000001,1,9
13045,305.28,1,3
13046,629.31,2,1
13047,3232.59,9,1
13048,1835.91,4,0
13049,656.6800000000001,2,2
13050,5833.11,17,0
13052,348.15000000000003,1,7
13055,1214.4099999999996,3,2
13058,271.4,3,0
13059,183.4,1,8
13060,307.53000000000003,1,8
13061,248.61,1,2
13062,346.98,1,6
13064,1119.4899999999998,4,0
13065,205.85999999999999,1,12
13066,470.80000000000007,2,0
13067,115.46000000000002,1,2
13068,344.0,2,0
13069,4436.119999999999,24,0
13070,228.8,1,6
13072,177.14999999999998,1,8
13075,919.61,1,4
13077,729.2700000000001,4,0
13078,12627.939999999999,26,0
13079,220.10000000000002,5,0
13080,58.08,1,5
13081,28337.37999999999,11,0
13082,3613.63,9,4
13083,303.75,2,0
13085,416.08000000000004,2,5
13089,58825.83,97,0
13090,8895.82,13,0
13091,345.82,1,0
13092,477.83,5,2
13093,7832.47,8,9
13094,1927.3200000000004,12,0
13095,74.4,1,2
13097,6010.42,10,1
13098,28882.440000000006,28,0
13099,207.35999999999999,1,3
13101,101.18999999999998,1,7
13102,6424.09,24,0
13103,243.94,1,1
13104,1098.48,6,0
13106,76.5,1,4
13107,1531.6200000000001,4,1
13108,350.05999999999995,1,12
13109,786.5400000000001,2,1
13110,1488.6699999999998,7,1
13113,12245.96,24,0
13115,2294.78,4,0
13116,501.14000000000004,1,4
13117,984.91,8,0
13118,1197.8100000000002,5,0
13120,30.599999999999998,1,7
13121,283.7299999999999,1,8
13122,922.3900000000002,2,3
13124,3866.330000000001,3,2
13126,2099.64,8,0
13127,259.16999999999996,1,2
13130,64.0,1,3
13131,1073.3,3,0
13132,77.3,1,8
13133,109.8,2,9
13134,1793.58,4,2
13135,3096.0,1,6
13136,2607.6099999999997,5,1
13137,3650.4100000000003,8,0
13138,962.3900000000001,6,0
13139,5064.9400000000005,7,0
13140,423.71999999999997,3,3
13141,2388.75,5,2
13142,307.0899999999999,1,0
13144,110.94999999999999,1,11
13145,618.52,4,1
13146,228.91,1,0
13147,712.8000000000001,4,0
13148,3707.12,12,0
13149,1676.06,4,0
13151,1257.8700000000003,1,9
13153,486.22,1,0
13155,971.7599999999998,4,1
13157,1741.2199999999998,4,1
13158,1201.06,4,3
13159,1437.85,4,0
13160,91.8,1,0
13161,112.75,1,10
13162,1688.29,4,4
13165,1021.4799999999999,2,1
13166,417.19999999999993,1,9
13167,779.33,4,0
13168,1319.1899999999998,4,1
13169,712.8799999999999,2,2
13170,116.01000000000002,1,0
13171,468.40999999999997,3,0
13173,353.65,2,0
13174,2813.03,3,0
13176,492.8400000000001,1,1
13177,282.45,1,2
13178,5725.469999999999,11,0
13182,121.17999999999999,1,1
13183,3957.7800000000007,9,0
13184,1700.29,10,0
13185,71.4,1,8
13186,1575.8899999999999,3,1
13187,236.01999999999995,1,11
13188,114.60000000000001,1,0
13189,260.68,2,0
13192,911.94,2,3
13193,117.88000000000001,1,2
13194,60.7,1,4
13196,1797.7800000000007,4,0
13198,3401.2400000000002,6,0
13199,9802.119999999999,37,0
13200,870.0900000000001,4,0
13203,869.46,4,0
13207,250.26000000000005,2,0
13208,1199.42,5,1
13209,5891.61,8,1
13210,353.47999999999996,1,3
13211,1197.42,3,0
13212,788.0799999999998,3,0
13213,1520.58,5,1
13216,333.74,1,8
13217,533.98,3,4
13218,62.64,1,4
13220,819.29,4,2
13221,844.8600000000001,2,8
13223,163.20000000000002,2,6
13224,2152.9500000000007,2,2
13225,6463.84,7,0
13226,108.21000000000001,1,9
13227,257.7,1,6
13228,358.0,1,2
13229,160.95,1,7
13230,2806.97,14,0
13232,1357.0,7,0
13233,605.12,2,2
13235,1031.0699999999997,1,7
13236,744.8499999999999,2,0
13238,700.73,4,0
13239,329.56,1,8
13240,648.6999999999999,4,3
13242,270.4,3,3
13243,600.07,1,6
13244,121.74000000000001,1,3
13245,430.5,1,1
13246,1987.3,6,0
13247,501.11999999999995,4,0
13248,465.67999999999995,2,4
13249,711.4100000000001,3,3
13253,1030.4,2,5
13255,399.51,2,0
13256,0.0,1,0
13258,698.58,3,0
13259,292.3199999999999,1,2
13260,557.6200000000001,1,2
13261,944.1,2,8
13262,200.29000000000002,1,8
13263,7443.849999999999,35,0
13265,2107.66,5,1
13266,3834.26,12,0
13267,4521.49,19,0
13268,3192.6499999999996,10,0
13269,5346.23,15,0
13270,590.0,1,12
13271,217.3799999999999,1,1
13272,276.56,2,1
13273,138.97999999999996,1,3
13276,590.9300000000001,2,2
13277,258.4,4,0
13278,542.73,1,1
13279,137.75,1,2
13280,814.86,3,4
13282,1132.14,3,0
13283,93.66,2,1
13284,201.19,1,11
13285,2709.1199999999994,4,0
13291,361.10999999999996,1,5
13292,578.94,2,1
13294,873.74,2,6
13295,201.2,1,11
13296,87.4,1,4
13297,2089.8500000000004,4,0
13298,360.0,1,0
13299,142.5,1,8
13300,371.89000000000004,1,5
13301,600.19,4,3
13302,63.75,1,5
13304,300.4199999999999,1,11
13305,2000.8600000000001,10,0
13307,15.0,1,4
13308,1385.5100000000002,3,0
13309,1456.79,5,0
13310,1132.0300000000002,3,0
13311,598.57,2,0
13313,1555.32,5,0
13314,775.9400000000003,3,0
13316,5977.73,4,1
13317,2273.68,6,2
13318,640.76,3,0
13319,10845.55,26,0
13320,1548.6999999999998,4,2
13321,567.3599999999999,2,2
13322,199.48,1,0
13323,787.8499999999999,5,0
13324,7121.95,10,1
13325,675.3,1,2
13327,3627.7700000000004,8,1
13328,1308.48,1,10
13329,788.9999999999999,2,1
13330,1140.93,3,3
13332,350.9,1,0
13334,3536.8200000000006,3,2
13336,795.12,1,2
13338,437.02,1,5
13339,860.1200000000002,1,6
13340,10736.480000000003,7,1
13341,775.8499999999999,1,8
13343,303.43,1,5
13344,2543.7200000000003,3,2
13345,339.5,1,9
13347,291.36,1,2
13348,233.76,1,2
13349,197.31999999999996,1,0
13350,879.1199999999999,2,0
13351,323.94,1,2
13352,347.9800000000001,1,2
13354,743.5300000000003,1,2
13355,674.7,1,4
13356,768.2400000000001,1,2
13357,609.9500000000002,1,8
13358,389.03000000000003,1,8
13359,389.55999999999995,1,2
13362,3090.7400000000007,4,0
13363,892.5,2,0
13364,134.96,1,2
13365,2225.37,2,1
13366,56.160000000000004,1,1
13368,573.4,2,8
13369,258.28000000000003,1,12
13370,754.8700000000003,1,12
13372,328.64,1,2
13373,3312.250000000001,3,2
13375,778.6499999999997,1,2
13376,869.76,3,3
13379,572.5600000000001,3,0
13381,3639.31,6,1
13382,222.99,1,9
13384,4151.93,7,1
13385,534.5700000000002,1,10
13388,677.1,2,4
13389,797.96,3,0
13390,544.0799999999999,1,2
13391,59.8,1,6
13394,2520.0199999999995,8,0
13395,307.72,1,6
13396,1360.9899999999998,2,0
13397,1544.13,5,2
13398,457.3400000000001,1,6
13402,621.23,2,4
13403,75.0,1,0
13404,252.48999999999998,2,0
13405,572.451,3,2
13408,28117.03999999999,62,0
13410,1003.06,5,0
13411,213.55000000000004,1,3
13414,1390.5,3,4
13416,712.5,2,1
13417,640.83,2,0
13418,6127.43,18,0
13419,221.05999999999995,1,2
13420,159.85,2,4
13421,1840.58,2,1
13422,2626.3000000000006,1,2
13425,1624.2099999999996,3,3
13426,3641.32,10,0
13427,582.6,3,0
13428,218.46999999999994,1,0
13429,1006.8,4,0
13430,679.45,2,0
13431,1269.1,2,2
13434,534.2400000000001,2,2
13435,3809.8900000000003,7,0
13436,196.88999999999996,1,0
13437,3408.0600000000004,7,0
13439,283.71,1,8
13441,296.64000000000004,1,3
13447,1129.1399999999999,3,0
13448,3539.37,6,0
13449,291.88,1,0
13450,2043.7199999999998,6,0
13451,2976.1500000000005,5,0
13452,590.0,2,8
13453,356.97999999999996,2,5
13455,1058.34,2,0
13456,1766.7200000000003,6,0
13458,9646.57,14,0
13460,183.44,2,0
13461,1445.0,3,1
13462,151.5,1,8
13464,674.6800000000002,1,1
13466,307.90000000000003,1,6
13467,1083.7099999999998,2,0
13468,5704.969999999999,37,0
13470,165.0,2,3
13471,2531.58,4,0
13473,422.64,2,2
13474,229.58999999999997,1,7
13475,1431.7799999999997,4,6
13476,1238.47,2,5
13477,1454.58,6,1
13479,300.95000000000005,2,6
13481,1804.56,5,1
13482,184.64,1,7
13483,140.34000000000003,1,2
13484,313.79999999999995,1,8
13485,454.24,1,7
13486,1122.41,3,2
13487,575.4,3,1
13488,8968.31,13,0
13489,449.52000000000004,4,3
13491,1215.8200000000002,10,1
13494,316.26,1,10
13495,2044.8700000000001,5,0
13496,653.33,2,0
13497,348.05,2,9
13499,1159.11,5,0
13500,1166.77,3,0
13502,292.0,3,0
13503,216.84999999999997,1,2
13504,295.93,1,2
13506,458.52,2,10
13507,2479.16,4,0
13508,110.97,1,8
13509,964.72,6,0
13510,1791.56,4,0
13512,251.20999999999998,1,8
13513,205.09999999999997,1,4
13514,152.20000000000002,1,2
13515,891.1200000000001,4,2
13516,1389.4099999999999,3,0
13517,2128.42,3,1
13518,659.4399999999998,1,2
13519,122.75,1,2
13521,1092.3899999999999,3,0
13522,125.80000000000001,1,1
13523,3964.8799999999997,5,1
13524,680.1800000000001,5,1
13525,628.78,2,0
13527,2287.5099999999998,7,1
13529,307.76,2,2
13531,483.80000000000007,2,6
13532,210.30999999999983,1,1
13533,270.79,3,6
13534,5870.080000000001,25,0
13536,3448.29,7,0
13538,1280.85,7,1
13539,631.3399999999999,3,2
13544,291.4100000000001,2,1
13546,626.99,3,0
13548,682.4099999999999,2,3
13549,918.1999999999999,7,0
13551,91.80000000000001,1,10
13552,3740.0700000000006,12,2
13555,4149.28,4,2
13557,584.06,2,0
13558,605.06,4,0
13560,174.37000000000003,1,0
13561,141.86,1,7
13562,1799.33,3,2
13563,777.53,2,2
13564,1198.3799999999997,2,11
13565,240.22000000000003,2,0
13566,874.7099999999999,2,1
13568,192.85000000000005,1,5
13569,372.25,2,0
13570,239.49000000000004,1,8
13571,2092.3199999999997,12,0
13572,1384.25,1,6
13573,294.4,2,1
13575,732.0699999999999,5,0
13576,6717.34,18,0
13577,1687.6,4,0
13579,467.03999999999996,2,0
13581,117.99999999999999,1,10
13583,781.0300000000002,1,5
13584,142.40000000000003,1,10
13587,712.4,1,2
13588,2478.95,9,0
13589,379.65,2,0
13590,1981.9199999999996,6,0
13591,1117.1299999999997,3,2
13592,247.96000000000004,4,1
13593,2037.08,5,3
13594,396.96999999999997,1,1
13596,697.0399999999998,2,0
13598,180.1700000000001,1,1
13599,5153.670000000001,21,0
13600,219.51999999999998,1,10
13601,693.3199999999999,2,1
13602,428.88999999999993,1,2
13603,164.34,1,0
13606,280.53999999999996,3,0
13607,678.0099999999996,1,1
13610,1131.88,7,0
13611,1171.8,3,2
13614,1610.46,4,0
13615,417.6900000000001,1,10
13617,544.1800000000001,3,1
13618,177.34000000000003,1,5
13621,213.85,1,3
13623,747.7800000000001,5,1
13626,257.22999999999996,1,8
13627,1638.47,5,1
13629,7792.360000000001,11,0
13630,2031.7800000000002,7,0
13631,3070.42,11,3
13632,2121.27,5,0
13634,1575.1599999999996,5,1
13635,1071.0300000000002,1,2
13636,949.1200000000001,5,1
13637,809.2499999999999,3,1
13638,122.64000000000001,1,0
13639,1033.3400000000001,1,2
13642,354.7999999999999,1,7
13643,519.44,3,1
13644,2624.2600000000007,4,0
13645,252.1,1,4
13647,1678.1200000000001,4,0
13649,346.6,2,8
13650,1836.34,6,0
13651,94.2,2,1
13652,1095.08,3,1
13654,2707.3299999999995,6,1
13655,932.97,2,3
13656,379.6500000000001,2,5
13657,382.14,2,0
13658,2639.17,5,0
13659,1573.2,2,6
13662,897.7600000000002,3,2
13663,189.47,1,5
13666,84.65,3,2
13667,305.0199999999998,1,4
13668,6363.59,21,0
13669,218.54999999999998,2,1
13670,349.70000000000016,1,2
13672,186.39000000000001,2,10
13673,396.91999999999996,2,0
13675,486.82,2,5
13678,232.60000000000005,1,5
13680,3722.4199999999996,4,0
13681,827.83,4,0
13682,59.5,1,6
13684,67.23000000000002,1,9
13685,3119.4400000000005,7,0
13686,72.0,1,6
13689,910.0,1,2
13690,172.25,1,1
13692,1488.3200000000006,3,0
13694,65039.619999999995,50,0
13695,2504.13,15,1
13697,151.3,1,1
13699,308.58,1,5
13700,2265.1200000000003,10,0
13703,99.5,1,10
13704,2308.0599999999995,9,0
13705,711.86,3,0
13706,330.78999999999996,1,10
13707,806.4099999999999,2,8
13708,294.87999999999994,1,9
13709,6328.05,13,0
13710,180.48000000000002,1,1
13711,252.06,2,7
13712,228.83999999999997,1,8
13715,1079.3400000000001,5,9
13716,138.28,1,8
13717,1445.01,6,1
13718,306.55,2,8
13719,1041.68,5,0
13720,799.9000000000001,4,3
13721,524.14,1,1
13722,2375.4100000000008,3,4
13723,199.85000000000002,1,7
13725,1980.5599999999997,8,1
13726,1079.6599999999999,2,1
13727,333.48,2,0
13728,1016.1400000000001,6,1
13730,752.6000000000001,2,4
13731,610.5899999999999,2,7
13732,491.86,1,0
13735,2885.2400000000002,4,0
13736,731.8999999999999,2,0
13737,339.59999999999997,1,6
13739,216.9,1,0
13740,350.75,1,8
13741,668.4300000000001,3,2
13742,3131.0199999999995,12,0
13743,1341.6,7,0
13744,1156.3600000000001,2,3
13745,300.03999999999996,1,5
13747,79.6,1,12
13748,948.2499999999999,5,3
13750,1647.2600000000002,5,1
13751,296.24999999999994,1,9
13752,1186.2800000000002,6,4
13753,741.26,1,9
13754,282.6,2,5
13755,2161.349999999999,9,0
13756,5189.52,14,0
13758,3190.55,7,0
13759,659.41,2,1
13760,286.78999999999996,2,1
13761,1070.65,2,1
13762,306.72,1,7
13763,1714.9599999999998,1,2
13764,1518.76,3,2
13767,17220.36,37,0
13769,2796.5099999999993,10,0
13771,2634.45,4,2
13772,1132.1299999999999,3,1
13774,344.99999999999994,1,2
13777,25977.159999999996,33,0
13778,178.7,1,3
13780,360.01000000000005,2,0
13781,127.84000000000002,1,8
13782,912.0,6,0
13784,2462.79,11,0
13786,230.4,1,12
13787,309.04,2,2
13790,348.79999999999995,1,0
13791,1516.0,2,4
13792,195.55,2,2
13798,37153.85000000001,57,0
13799,688.8599999999999,2,3
13800,558.3199999999997,1,10
13801,324.79999999999995,1,2
13802,4599.42,3,4
13803,277.07000000000005,1,8
13804,2635.79,7,1
13805,924.5999999999999,2,1
13806,256.38,1,2
13807,112.6,1,12
13808,1747.6599999999999,5,0
13819,1140.35,3,10
13821,385.63999999999993,2,4
13822,632.0,2,0
13823,957.66,2,0
13824,1698.9399999999996,5,1
13826,189.5,1,5
13827,412.05,3,1
13828,209.49000000000004,1,0
13831,2202.99,6,0
13832,52.199999999999996,1,0
13833,384.7999999999999,1,5
13835,834.5700000000002,4,0
13837,271.24,2,7
13838,691.73,4,0
13841,85.0,1,8
13842,3385.6200000000003,9,1
13844,361.62,1,0
13845,312.98,1,2
13846,865.0600000000002,3,0
13848,1255.0,3,3
13849,1537.9499999999998,2,1
13850,1595.4799999999996,1,4
13851,2651.4600000000005,3,3
13853,1090.14,1,1
13854,8109.52,25,0
13856,388.5,3,5
13858,216.16999999999996,1,1
13859,201.16,1,10
13860,1245.8999999999999,5,0
13862,2209.3599999999997,8,0
13863,305.78000000000003,1,8
13865,501.55999999999995,4,1
13866,145.67,1,2
13867,1015.29,3,1
13868,3192.54,2,0
13869,3104.9499999999985,4,4
13870,2770.94,8,0
13871,6403.250000000001,13,0
13873,389.6,3,3
13874,540.45,1,11
13875,1786.79,5,1
13876,122.69999999999999,1,2
13877,117.24000000000001,1,2
13878,1281.53,1,1
13880,3219.77,13,0
13881,17159.519999999997,20,0
13882,1191.1299999999999,5,0
13883,2674.4800000000005,5,0
13884,787.6,5,0
13885,506.80000000000007,2,6
13886,243.56000000000003,1,2
13887,349.54999999999995,1,6
13888,605.6300000000001,2,3
13889,416.9,1,3
13890,1883.8100000000002,10,0
13892,632.97,4,0
13893,821.1,1,9
13894,564.62,3,0
13895,2593.0699999999997,4,0
13897,311.15999999999997,1,1
13898,155.93,1,10
13899,388.52000000000004,2,0
13900,740.95,3,6
13901,2867.2000000000007,5,2
13904,332.63999999999993,2,1
13908,2319.55,4,2
13911,2580.9100000000003,9,1
13914,626.45,2,0
13917,272.03999999999996,2,1
13918,1212.84,2,1
13922,172.24999999999997,1,11
13923,351.13000000000005,1,1
13924,1838.85,6,0
13925,678.25,4,3
13926,223.85000000000002,1,0
13927,348.99,1,2
13928,464.57000000000005,4,0
13929,842.65,2,5
13930,337.3399999999999,2,1
13931,1237.5300000000007,2,3
13932,307.4,1,9
13933,608.79,2,3
13934,922.0999999999997,1,8
13936,376.58,1,5
13937,158.85,1,5
13938,71.66,1,1
13939,568.55,3,0
13940,839.14,4,0
13941,5112.960000000001,5,0
13946,561.5699999999999,3,2
13947,90.6,1,2
13948,101.99999999999999,1,12
13949,2427.32,6,0
13950,745.06,4,0
13951,674.4499999999999,3,5
13952,3251.0699999999997,2,7
13953,3515.6800000000003,7,0
13954,439.91999999999996,2,0
13955,322.96000000000004,2,5
13956,1026.42,5,0
13959,598.2,3,2
13960,230.22,2,0
13962,169.55,2,0
13963,664.54,4,10
13967,80.7,1,4
13969,9053.939999999999,18,0
13971,2758.2599999999998,8,0
13972,190.25000000000003,2,2
13973,264.7,1,9
13974,413.59,1,1
13975,2526.2799999999997,6,1
13976,357.9800000000001,1,6
13978,196.79,2,0
13979,869.8700000000001,1,2
13980,200.14000000000001,1,2
13982,1871.8099999999997,4,1
13983,2603.43,12,0
13984,920.51,5,0
13985,7060.130000000002,15,0
13986,320.46000000000004,1,0
13988,4147.96,6,0
13989,1266.08,2,2
13990,311.3,1,7
13991,854.97,6,0
13992,76.8,1,1
13993,3466.36,9,1
13994,2313.14,6,0
13995,1393.69,5,0
13999,3901.8100000000013,12,0
14000,635.6600000000001,1,7
14001,2043.08,3,1
14002,529.73,2,4
14004,4582.64,7,1
14005,2874.7200000000003,5,0
14006,962.1899999999999,3,3
14009,695.6099999999999,2,6
14012,328.8,1,9
14013,473.02,3,3
14014,505.18000000000006,1,2
14015,917.34,1,1
14019,1421.6100000000001,3,1
14020,642.8,2,0
14021,631.9,3,5
14022,440.0,1,7
14023,584.07,2,0
14024,327.7,2,4
14027,104.82000000000002,1,2
14029,467.65999999999997,2,2
14030,2360.09,8,0
14031,17286.86,19,0
14032,2975.59,11,0
14034,651.8199999999999,3,0
14035,1428.02,5,0
14036,626.6499999999999,1,9
14037,147.20000000000005,2,5
14038,1560.38,3,2
14039,152.2,1,1
14040,3614.92,12,1
14041,141.41,1,8
14044,652.82,4,0
14045,1659.75,4,3
14046,151.58999999999997,1,9
14047,1308.6100000000001,5,0
14048,409.9299999999999,1,10
14049,5681.719999999999,4,0
14050,746.36,2,1
14051,15610.390000000001,23,0
14052,225.35999999999993,1,0
14053,260.25,2,4
14054,92.46,1,2
14055,725.6400000000001,1,3
14056,8214.65,23,0
14057,6217.960000000001,17,0
14059,183.59999999999997,1,8
14060,6140.419999999999,19,0
14062,10464.850000000002,12,0
14064,1353.74,5,0
14066,152.55,1,8
14067,374.70000000000005,2,2
14068,265.85,1,10
14071,1424.0000000000002,8,0
14073,151.04,1,1
14075,942.26,3,0
14076,122.46999999999997,1,4
14077,499.41999999999996,5,1
14078,1049.37,6,3
14079,375.09999999999997,1,4
14080,45.599999999999994,1,1
14081,934.5199999999998,2,10
14082,182.24999999999997,1,12
14083,1018.4300000000001,9,0
14085,4448.54,18,0
14087,194.42,1,0
14088,50491.81000000001,13,0
14089,161.0,1,1
14090,76.32000000000001,1,10
14092,4076.9100000000003,14,0
14093,442.8499999999999,1,0
14096,53258.43000000009,17,0
14098,147.34999999999997,1,1
14099,3104.17,11,0
14100,194.9,1,4
14101,5976.789999999999,6,2
14102,1360.2799999999997,5,0
14104,216.21,2,5
14105,1266.2300000000002,1,7
14107,2703.23,7,1
14108,597.9100000000001,2,1
14109,144.2,1,2
14110,5683.149999999999,12,0
14111,692.85,4,0
14112,2915.15,7,0
14113,1840.42,4,0
14114,386.53000000000003,2,9
14116,1382.7400000000002,5,0
14117,90.0,1,4
14121,2780.1499999999996,4,0
14124,419.58000000000004,1,2
14125,2740.4300000000003,3,0
14126,706.1300000000001,3,0
14127,709.71,3,4
14128,637.5,2,2
14129,1123.86,5,0
14130,483.85999999999996,1,10
14132,3586.0299999999997,11,0
14133,605.64,3,4
14135,4690.3099999999995,15,0
14138,982.3800000000002,2,0
14139,415.81999999999994,1,1
14140,935.0499999999998,2,0
14141,915.1300000000001,4,0
14142,311.81000000000006,1,12
14143,115.8,1,4
14145,3742.2,4,1
14146,4191.0,5,0
14147,483.40000000000003,2,2
14148,157.2,1,7
14149,446.62000000000006,1,7
14150,658.6400000000001,2,1
14152,621.29,2,2
14154,1345.62,2,7
14155,118.75,1,8
14157,432.8800000000001,2,0
14158,507.66000000000014,1,1
14159,4690.64,11,0
14161,1110.52,3,7
14162,289.36,2,5
14163,2445.91,4,2
14164,1631.7700000000002,2,2
14165,122.53999999999999,1,9
14167,574.84,4,1
14171,363.78999999999996,1,3
14173,450.84000000000003,4,0
14174,134.46,1,1
14175,3222.3,3,1
14176,576.9,4,9
14177,559.4100000000001,4,2
14178,1600.9299999999998,7,0
14179,719.7799999999997,2,1
14180,4748.520000000001,25,0
14184,452.89,1,2
14185,197.65,1,11
14188,2054.36,6,1
14189,4654.08,15,0
14191,4684.76,13,0
14193,853.3899999999999,2,2
14194,11349.520000000002,21,0
14195,1011.9999999999999,2,6
14196,335.52,1,3
14198,701.4,4,0
14199,185.39999999999998,1,7
14201,747.4399999999999,7,2
14204,161.02999999999997,1,0
14205,466.70000000000005,2,0
14206,328.1599999999999,1,7
14208,151.73999999999998,1,3
14209,2073.4300000000003,6,0
14210,1905.84,6,3
14211,2241.1,9,1
14212,1070.48,1,2
14214,1004.3799999999999,5,1
14215,1789.7200000000003,6,0
14216,1839.2999999999997,4,0
14217,2004.9799999999998,17,0
14218,169.48000000000002,1,1
14219,89.94,1,0
14220,632.4000000000001,2,8
14221,3432.8,9,1
14222,683.17,1,5
14223,991.1299999999999,3,3
14224,1050.12,4,3
14226,2232.1899999999996,5,0
14227,3350.96,10,0
14229,1547.1999999999998,3,1
14231,925.71,3,6
14232,2048.0699999999997,5,1
14233,1462.72,4,1
14234,775.4600000000002,4,0
14235,3144.86,5,2
14236,490.86000000000007,2,2
14237,161.00000000000003,1,12
14238,146.85,1,10
14239,2380.8500000000004,11,1
14240,890.3400000000003,2,1
14241,213.70000000000002,1,6
14242,280.54999999999995,2,7
14243,2588.7700000000004,10,0
14245,1693.4499999999998,2,7
14246,1474.0600000000002,3,3
14247,136.77,1,9
14248,302.58,1,10
14250,1904.0500000000006,3,0
14251,2879.7000000000007,5,0
14256,969.06,2,8
14257,3099.7200000000003,5,2
14258,12669.98,9,0
14259,120.0,1,4
14261,1163.4499999999998,2,1
14262,2618.2299999999996,8,0
14264,333.97,2,5
14267,1516.24,3,5
14270,492.6499999999999,1,11
14271,112.32000000000002,1,7
14272,437.96000000000004,2,2
14273,559.97,4,1
14276,1119.7399999999998,3,3
14280,134.04,1,6
14282,3729.34,15,0
14284,595.25,2,1
14285,1910.0100000000002,4,0
14286,4628.75,3,0
14287,176.63,3,0
14288,426.6,1,7
14289,911.26,6,0
14290,2314.6499999999996,5,0
14291,3883.25,11,0
14292,4871.929999999999,9,0
14293,1046.5599999999997,4,0
14295,166.2,1,1
14297,1305.33,4,0
14298,51527.30000000001,44,0
14299,3965.6199999999994,9,0
14300,43.2,1,0
14301,640.14,1,3
14304,383.45000000000005,1,7
14305,1858.96,3,2
14306,2093.3199999999997,2,1
14307,2995.72,6,2
14309,2352.53,9,0
14311,310.26,1,8
14312,1611.5900000000001,6,1
14314,120.0,1,3
14315,2481.1299999999997,6,1
14317,508.58,1,2
14320,477.7900000000001,2,6
14321,1530.7500000000002,5,0
14323,605.0600000000001,2,3
14326,183.85,1,8
14327,311.65000000000003,1,5
14329,5014.84,7,0
14331,462.65999999999997,2,4
14332,866.31,3,0
14333,415.2,1,2
14334,2552.21,8,0
14336,1614.9099999999999,4,0
14338,588.2199999999999,2,5
14339,309.52,1,8
14340,134.7,1,7
14341,2182.2799999999997,8,1
14342,668.56,4,0
14344,889.9300000000002,8,4
14345,108.97999999999999,1,1
14346,1021.5800000000002,2,4
14348,409.57,1,8
14349,133.50000000000006,1,0
14350,282.92999999999995,1,9
14351,51.0,1,5
14352,1078.96,4,5
14353,90.6,1,7
14354,163.62,2,0
14355,174.4,1,12
14356,701.2299999999998,2,2
14357,225.77000000000012,1,1
14359,912.1800000000001,3,0
14360,2128.2299999999996,4,1
14362,161.20000000000002,1,0
14364,3717.35,8,3
14367,9261.52,16,0
14368,155.00000000000003,1,10
14371,100.5,1,9
14373,76.55,1,11
14375,257.67999999999995,1,6
14377,617.05,2,6
14379,348.09999999999997,2,1
14381,202.6800000000001,1,1
14382,626.07,1,0
14383,1247.69,3,1
14385,202.10999999999999,3,0
14386,142.4,1,9
14387,1770.56,3,1
14388,3212.84,8,0
14389,1043.46,2,2
14390,4652.82,9,0
14393,67.94999999999999,1,7
14395,3507.71,9,0
14396,487.98999999999995,2,2
14397,2612.9599999999996,19,0
14400,574.7,1,4
14401,4051.4800000000005,13,0
14403,1475.81,4,4
14404,1474.32,6,1
14406,156.75,1,3
14407,2142.73,5,3
14408,2606.5299999999997,7,0
14409,2059.4500000000003,6,2
14410,1104.07,9,3
14411,1063.0,1,10
14412,770.03,2,1
14413,122.7,1,12
14414,1496.98,7,3
14415,5900.28,13,0
14416,490.22,2,0
14418,1937.25,3,0
14419,1058.06,6,0
14420,387.52,1,3
14421,813.1099999999999,2,1
14422,4263.640000000001,6,0
14423,265.2,1,7
14424,322.08,1,0
14426,4481.669999999999,10,0
14427,363.34000000000003,2,1
14428,1244.83,5,0
14431,470.35999999999996,1,10
14432,2255.5099999999998,6,0
14434,1372.8,6,0
14436,89.06,1,3
14437,63.0,1,12
14438,131.9,1,10
14440,2357.6800000000003,5,0
14441,1712.89,4,0
14443,1420.1999999999998,4,1
14446,1034.78,4,0
14447,1163.23,5,0
14448,375.35,2,0
14449,907.0999999999998,4,0
14450,483.25,3,6
14451,662.5899999999999,2,2
14452,264.44000000000005,2,0
14453,119.93000000000002,1,6
14456,3059.4399999999996,9,0
14457,113.64,1,10
14459,1837.9199999999996,1,5
14460,434.34,3,3
14461,2102.67,3,4
14462,1999.02,11,2
14463,529.62,3,3
14465,1058.62,3,8
14466,2272.4,7,0
14467,598.76,4,0
14470,461.18999999999994,2,0
14472,1936.8399999999997,8,3
14473,234.34000000000003,2,2
14474,547.6600000000001,1,1
14475,925.8500000000001,3,2
14476,215.7,1,8
14477,1309.6,4,0
14479,316.25,2,8
14480,279.05,1,0
14481,636.51,2,5
14482,2068.1499999999996,6,0
14483,137.10000000000002,1,9
14484,321.91999999999996,1,1
14485,165.75000000000003,1,1
14487,1196.3300000000002,6,0
14488,1064.2800000000002,1,2
14489,463.38000000000005,1,6
14491,340.93,2,5
14493,2383.24,5,0
14494,139.56,1,0
14495,123.8,2,1
14496,538.81,2,10
14497,475.3699999999999,1,10
14498,1957.3200000000002,5,1
14499,815.3199999999999,3,0
14500,356.85,3,2
14501,251.21,2,6
14502,2467.6299999999987,11,0
14503,3543.26,6,0
14504,673.26,4,1
14505,5905.640000000001,8,0
14506,2012.17,5,0
14507,1383.1800000000003,6,0
14508,276.41999999999996,2,0
14511,1314.81,5,0
14512,275.28,2,6
14513,455.59000000000003,3,3
14514,1055.35,3,2
14515,2102.09,6,0
14517,330.45000000000005,2,1
14518,174.37,1,2
14520,270.6,2,0
14522,974.54,4,0
14523,241.09000000000003,1,3
14524,1867.68,9,1
14525,4332.200000000001,9,0
14527,8507.819999999998,55,0
14528,364.22,1,1
14529,620.04,3,2
14530,2925.9099999999994,6,0
14532,932.8499999999999,4,7
14533,1949.7200000000005,7,0
14534,4445.4,18,0
14535,2864.189999999999,3,2
14536,171.8,1,8
14537,355.5600000000001,1,1
14538,388.24999999999994,2,2
14539,537.48,2,0
14540,996.26,3,0
14541,1461.65,8,1
14542,103.25000000000001,1,6
14543,3590.6800000000003,16,0
14544,2024.4500000000003,2,0
14546,2578.0899999999997,5,0
14547,4007.539999999999,8,0
14548,652.8,2,5
14549,289.2399999999999,1,10
14550,765.6199999999999,2,0
14551,186.23000000000002,2,0
14552,165.07000000000005,1,5
14553,859.2699999999999,5,0
14554,2381.04,4,0
14555,324.14000000000004,2,1
14557,788.3800000000001,1,2
14560,2237.7700000000004,22,0
14561,1080.7599999999998,3,2
14562,5074.769999999999,18,0
14565,2949.120000000001,4,3
14567,1530.3600000000001,2,1
14569,227.39,1,0
14570,217.20999999999995,2,9
14572,2832.8399999999997,7,0
14573,1653.4199999999998,9,5
14576,35.400000000000006,1,12
14577,859.7099999999999,4,0
14578,168.63,1,0
14581,138.6,1,0
14582,114.11,1,1
14583,1052.55,5,0
14584,1042.2599999999998,4,5
14585,157.05,1,1
14586,237.35999999999996,1,9
14587,1601.1400000000003,9,0
14589,39.75,1,12
14591,1447.1399999999999,4,0
14592,570.46,3,1
14593,617.99,3,0
14594,379.83,2,0
14595,1740.6000000000001,6,0
14597,883.1500000000002,2,0
14598,221.97000000000003,1,1
14600,393.3299999999999,1,10
14601,213.96000000000004,1,0
14603,660.0,1,9
14606,12021.649999999998,91,0
14607,15021.5,12,0
14608,1785.15,4,0
14609,601.5600000000001,4,2
14616,406.08000000000004,3,8
14618,553.44,3,0
14619,394.43999999999994,1,8
14620,412.78,2,6
14621,1788.3599999999997,5,0
14622,320.58,1,6
14623,884.57,5,1
14624,225.84999999999997,2,1
14625,899.63,2,6
14626,2791.2699999999995,4,0
14628,671.96,2,3
14629,959.0099999999995,2,0
14631,1006.98,3,1
14632,114.55999999999999,1,8
14633,344.9000000000001,1,8
14636,609.85,2,1
14638,443.6,1,1
14639,2984.4900000000002,6,1
14640,2125.08,6,0
14641,110.46,1,0
14642,96.12,1,1
14643,693.8100000000001,2,5
14644,830.7600000000001,2,2
14645,597.09,2,5
14647,243.21999999999994,1,6
14649,1417.2899999999995,4,0
14651,654.5999999999999,2,2
14652,114.18000000000002,1,2
14653,1937.6000000000001,7,0
14655,1932.2300000000002,4,0
14656,291.05000000000007,2,5
14657,848.2199999999998,4,0
14658,247.15,2,0
14659,2529.9300000000003,9,0
14660,285.74,2,2
14661,107.95,1,0
14662,771.1700000000003,4,0
14664,637.8900000000001,2,0
14665,1835.7000000000003,5,2
14666,179.95,1,0
14667,9236.95,25,0
14669,1269.9899999999998,3,8
14670,411.53000000000014,2,9
14672,765.5500000000002,2,7
14673,1736.3999999999999,5,0
14675,604.7499999999999,1,0
14676,2548.2400000000002,6,1
14680,28754.110000000004,16,0
14681,498.95,3,2
14682,52.0,2,6
14684,1236.2800000000002,5,0
14687,628.3799999999999,1,3
14688,5630.869999999999,21,0
14689,112.80000000000001,1,6
14690,371.7,2,1
14691,2114.33,5,1
14692,591.55,4,4
14693,172.9,1,8
14696,2078.9500000000003,7,0
14697,188.61,2,7
14698,1250.76,5,0
14699,109.12999999999998,1,7
14700,2235.3,3,1
14701,2549.37,9,0
14702,3292.14,17,0
14703,318.1699999999999,1,0
14704,1544.57,9,0
14705,179.0,1,6
14708,1126.3700000000001,3,0
14709,4921.04,13,0
14710,606.1299999999999,4,0
14711,2868.8,11,0
14712,917.07,3,0
14713,2666.36,11,0
14714,160.19,1,0
14715,867.3799999999999,4,0
14716,329.68,2,1
14719,1602.1299999999994,5,0
14720,663.81,3,0
14722,187.91999999999996,1,4
14723,1156.5999999999997,6,0
14725,718.08,1,0
14727,268.58,1,9
14729,313.48999999999995,1,12
14730,2005.0599999999997,8,0
14731,380.02,3,1
14732,2702.4900000000002,8,0
14733,9585.910000000002,12,0
14735,6050.69,31,0
14737,1164.55,3,0
14738,1314.45,7,1
14739,3902.28,7,0
14740,1448.21,3,6
14741,1400.3400000000001,6,0
14744,1099.98,7,0
14745,1220.26,5,3
14747,328.2,1,8
14748,1415.75,5,0
14752,389.63999999999993,1,1
14753,563.15,1,2
14754,638.05,2,1
14755,5010.280000000001,11,0
14756,738.9599999999998,1,0
14757,420.5,1,2
14758,1484.0600000000002,4,4
14759,1625.97,3,0
14760,89.2,1,9
14761,255.89999999999998,2,1
14762,300.52,1,8
14764,278.3,1,1
14765,254.10999999999999,3,0
14766,2473.3700000000003,6,0
14768,192.60000000000002,2,0
14769,10673.099999999999,8,0
14770,876.4200000000001,2,7
14772,139.26,1,3
14775,1011.9000000000001,3,1
14776,2538.2999999999993,11,1
14778,730.86,2,4
14779,386.15,3,9
14780,447.6799999999999,2,1
14782,200.10000000000002,1,10
14784,289.99,2,0
14785,77.4,2,0
14788,679.44,2,0
14789,197.64000000000001,1,0
14790,745.06,4,0
14792,6.2,1,2
14793,228.99,1,0
14794,1319.9099999999999,7,0
14795,131.45,1,5
14796,8020.9299999999985,17,0
14798,173.74,3,1
14799,157.7,1,1
14800,4339.74,12,1
14801,193.1399999999999,1,2
14803,845.55,3,5
14804,353.2699999999999,1,0
14805,554.65,4,0
14806,193.39000000000004,1,2
14808,2741.169999999999,8,1
14810,2087.88,11,1
14813,155.43,2,12
14815,778.5,2,1
14816,271.85,1,6
14817,1010.34,2,6
14818,657.8,3,2
14819,272.07,2,2
14820,507.29,4,0
14821,48.800000000000004,1,12
14823,321.43,3,6
14824,1127.71,4,0
14825,2226.9100000000003,12,0
14828,2139.76,3,6
14829,697.55,4,0
14830,196.28,1,1
14834,1720.3,6,0
14836,102.44999999999999,3,0
14837,1649.5,4,2
14840,62.85,1,8
14841,3295.7599999999998,6,1
14842,2824.6900000000005,4,1
14844,3189.8100000000004,4,2
14847,309.4,1,4
14849,7930.54,25,0
14850,325.75,1,10
14851,511.34999999999997,2,0
14852,2836.69,6,1
14853,475.8,2,0
14854,2759.83,7,2
14855,645.65,2,3
14856,1311.38,3,1
14857,1173.12,2,1
14859,1353.7399999999998,4,0
14860,170.32000000000002,1,0
14861,125.79000000000002,1,1
14862,841.2,2,0
14863,266.76,1,0
14865,52.2,2,0
14866,14353.4,11,0
14867,710.28,3,6
14868,2953.5899999999997,8,0
14869,725.6999999999999,2,0
14870,327.24999999999994,1,8
14871,522.3800000000001,4,0
14873,519.68,1,7
14875,1465.3199999999997,2,3
14878,1485.54,9,0
14880,706.19,3,2
14881,255.4,1,0
14882,589.7,2,0
14883,761.59,6,0
14885,765.3199999999999,1,4
14886,364.80000000000007,1,8
14887,1862.0,1,2
14888,369.2,1,6
14889,135.9,1,11
14890,125.65,1,8
14891,554.38,2,4
14893,1237.8500000000004,2,0
14894,655.7499999999999,1,2
14895,11138.710000000001,20,0
14896,468.77,2,6
14897,1366.38,4,0
14898,1303.5199999999998,6,0
14901,1421.2899999999997,9,0
14902,332.66,1,0
14903,2810.63,5,0
14904,1025.44,2,0
14905,616.15,2,5
14907,3501.1000000000004,7,0
14908,277.79999999999995,1,2
14910,434.35,4,0
14913,1227.43,4,1
14915,307.48,2,3
14916,1268.98,4,2
14918,1610.15,2,3
14920,977.77,2,7
14921,1316.0700000000002,2,1
14923,749.0999999999998,1,1
14924,310.05,1,8
14929,223.88,1,1
14944,5900.25,12,0
14946,100.9,1,0
14947,290.82,2,2
14948,1101.97,6,0
14950,371.2,1,0
14951,311.69000000000005,1,2
14952,8099.49,11,1
14953,289.82,1,0
14954,336.16999999999985,1,0
14957,58.49000000000001,1,8
14958,499.67999999999995,3,4
14959,695.4200000000002,4,2
14960,221.27000000000004,2,0
14961,7044.68,9,0
14962,126.70000000000002,1,9
14963,1487.8,5,0
14964,206.21,1,8
14965,598.9999999999999,2,3
14966,191.3199999999999,1,0
14967,463.8,1,1
14968,147.59,1,1
14970,1592.06,4,2
14971,1116.5699999999997,3,1
14972,114.77000000000002,1,4
14973,1314.45,3,3
14974,114.39,1,1
14975,279.94,1,1
14976,774.8600000000001,6,1
14978,1931.4199999999994,5,2
14981,102.11999999999998,1,8
14984,213.27,2,0
14985,296.74999999999994,2,6
14987,326.4,2,0
14988,334.54,1,7
14995,233.23000000000002,2,1
14997,546.2,3,1
14998,429.87,2,5
15000,490.52,1,1
15002,1641.7600000000002,4,3
15004,1245.9299999999994,1,4
15005,6314.87,28,0
15006,497.13999999999976,1,1
15007,156.91000000000003,1,5
15009,1261.7799999999997,3,0
15010,308.94000000000005,1,1
15012,423.0399999999999,2,1
15014,260.16999999999996,2,1
15016,170.04,1,5
15017,125.58000000000003,1,1
15018,496.21,3,1
15019,265.9999999999999,1,8
15021,1914.82,9,0
15022,905.04,4,0
15023,6783.86,11,0
15024,1661.3300000000002,10,0
15025,377.01,1,1
15026,464.20000000000005,3,2
15027,1066.1499999999999,4,1
15028,627.1299999999999,4,0
15030,518.28,2,2
15031,668.14,4,0
15032,4959.0999999999985,3,8
15033,2583.3700000000003,10,0
15034,4308.61,8,0
15035,252.72999999999996,1,2
15036,465.54999999999984,3,2
15038,705.49,6,1
15039,19914.440000000013,47,0
15041,180.35000000000002,1,5
15042,135.93,1,6
15043,537.0,1,1
15044,7700.230000000002,17,0
15045,735.66,2,5
15046,5194.82,15,0
15047,343.62,1,8
15048,384.05000000000007,4,2
15049,121.17000000000002,1,9
15050,1782.0900000000001,3,0
15051,1391.6100000000001,3,0
15052,215.78,1,10
15053,697.79,3,0
15054,302.0999999999999,2,0
15057,1489.5,2,9
15058,2124.99,11,0
15059,1337.7200000000003,9,1
15060,301.84,4,0
15061,54534.13999999999,48,0
15062,987.8599999999999,4,2
15063,370.79999999999995,1,7
15065,3158.13,4,1
15066,893.59,1,1
15067,1744.7599999999998,3,2
15068,553.36,2,1
15069,1109.5300000000007,1,5
15070,106.2,1,12
15071,982.0699999999998,2,3
15073,1043.41,3,0
15074,748.8700000000002,1,3
15075,773.0300000000002,1,2
15076,880.8500000000004,1,5
15078,9743.11,32,0
15079,895.6100000000001,4,7
15081,504.79999999999995,5,0
15083,88.19999999999999,1,8
15087,306.94,1,9
15088,1160.07,2,0
15089,2420.8400000000006,6,0
15090,381.32000000000005,1,10
15091,480.71,1,2
15092,457.81000000000006,2,7
15093,4597.02,6,0
15095,1370.6,4,3
15096,219.39,1,1
15097,248.07999999999996,1,0
15098,39916.5,3,6
15099,410.48,1,2
15100,876.0,3,11
15101,317.53,2,0
15103,703.36,2,1
15104,1027.4399999999998,2,6
15105,2298.93,7,0
15106,1422.5199999999998,5,0
15107,319.5,6,10
15109,484.95,1,8
15110,996.1000000000001,4,0
15111,1567.48,3,0
15113,3608.94,3,0
15114,2760.5599999999995,10,1
15115,340.11000000000007,1,0
15116,1352.75,4,0
15117,1551.7799999999997,5,0
15118,244.8,1,4
15119,266.4,1,8
15120,358.8199999999999,1,4
15121,457.72,2,1
15122,1633.78,3,3
15123,2199.3099999999995,2,0
15124,184.19,2,0
15125,11528.480000000001,15,0
15127,406.53000000000003,1,2
15128,1470.9999999999998,4,2
15129,3447.3999999999996,11,1
15130,330.11,1,5
15132,977.9300000000001,5,0
15133,982.4200000000001,3,4
15134,1387.9900000000002,8,0
15135,139.04999999999998,1,7
15136,1286.7000000000003,4,0
15139,178.96000000000004,2,7
15140,2354.2500000000005,7,1
15142,498.74,1,1
15143,259.45,1,7
15144,6580.4400000000005,17,0
15145,1194.7299999999998,4,0
15146,1327.1600000000005,2,5
15147,623.5,1,8
15148,301.28999999999996,1,0
15149,520.8,1,4
15150,5314.47,10,0
15152,4745.690000000001,13,0
15153,329.25,1,1
15154,296.41999999999996,1,2
15156,961.49,3,0
15157,1936.07,3,0
15158,401.4000000000001,1,1
15159,18641.010000000006,30,0
15160,158.16000000000003,1,11
15163,304.47,2,0
15164,843.0499999999998,3,2
15165,487.75,1,12
15167,162.99999999999997,1,10
15168,106.56,1,0
15171,1289.5,1,11
15172,1624.0500000000002,5,0
15174,135.75,1,10
15175,224.14000000000007,1,2
15178,40.5,1,8
15179,2206.9500000000003,5,0
15180,87.5,1,12
15181,689.48,3,2
15182,622.8500000000001,2,5
15184,406.76,2,0
15185,310.62000000000006,1,2
15186,411.40999999999997,2,0
15187,4762.18,15,0
15189,16225.390000000003,41,0
15192,1044.32,3,3
15193,499.32,1,2
15194,7616.530000000001,15,0
15195,3861.0,1,0
15197,1079.61,3,0
15198,193.64,2,3
15199,1268.7,4,1
15201,1236.5400000000004,5,2
15203,1827.8000000000002,6,0
15204,316.58000000000004,1,11
15205,653.24,2,2
15206,420.29999999999995,4,0
15208,870.12,5,0
15210,331.18,1,7
15211,894.4100000000001,2,2
15212,101.79999999999998,1,8
15213,328.3499999999999,2,10
15214,1661.44,8,0
15215,734.94,3,1
15216,96.6,1,2
15218,5756.89,11,0
15219,305.75,1,5
15220,1778.96,6,1
15221,403.25,1,12
15222,585.0,1,10
15223,755.75,2,7
15224,322.08,2,11
15225,409.4000000000001,1,7
15226,154.41,1,10
15227,1219.3999999999999,5,1
15228,3386.71,4,2
15230,429.6,2,7
15232,612.06,2,3
15234,197.0,1,9
15235,2247.51,12,7
15236,321.05,1,9
15237,1412.3200000000004,4,0
15238,1071.99,3,0
15239,780.59,2,0
15240,1706.5700000000002,5,1
15241,1756.44,8,2
15243,316.68,1,2
15244,631.57,2,2
15245,2515.84,3,4
15246,514.15,2,7
15247,356.0,1,4
15249,6688.46,13,1
15251,10484.990000000002,11,0
15252,740.78,2,1
15253,918.2,5,0
15254,300.36000000000007,1,4
15255,890.8499999999999,1,2
15256,98.45,1,4
15257,317.15,1,9
15258,623.1600000000001,2,5
15260,1810.77,7,3
15261,254.82000000000002,1,4
15262,178.95000000000002,1,10
15263,156.50999999999996,1,3
15264,393.74000000000007,1,2
15265,1506.12,2,5
15266,119.30000000000001,1,11
15267,1717.36,5,0
15269,408.8,1,0
15270,2379.49,7,0
15271,2507.0699999999997,15,0
15272,721.9399999999999,2,1
15274,716.5699999999999,2,0
15275,615.1399999999999,1,1
15276,135.31000000000003,1,2
15277,255.89999999999998,1,1
15279,290.51,1,11
15280,113.12,1,5
15281,2332.1499999999996,9,1
15286,240.55,1,1
15287,486.69000000000005,2,0
15288,2306.52,5,1
15289,939.78,3,0
15290,7943.219999999998,18,0
15291,4623.3,14,0
15292,180.93999999999997,1,6
15296,3672.8599999999997,6,1
15297,641.94,3,0
15298,4799.900000000001,12,0
15299,3907.01,6,2
15300,496.4399999999999,1,2
15301,5070.35,12,1
15303,574.02,1,9
15304,694.4,8,2
15306,1174.35,3,2
15307,205.3,1,3
15308,310.47,1,9
15311,60767.899999999994,91,0
15312,924.8500000000001,4,2
15313,52.0,1,3
15314,327.97,1,6
15315,570.5,2,2
15316,165.0,1,10
15318,312.62,1,0
15319,204.5,1,9
15320,267.13,1,1
15321,2748.310000000001,3,2
15322,679.6799999999998,1,2
15325,162.2899999999999,1,3
15326,311.71,1,11
15327,208.75000000000003,1,1
15329,1049.7000000000003,3,1
15330,714.96,2,1
15333,1028.56,1,6
15334,348.71999999999997,3,5
15335,173.97000000000003,1,1
15339,574.0699999999999,2,2
15341,2020.52,1,2
15342,406.0899999999999,1,4
15343,364.5,1,2
15344,563.9399999999999,3,0
15345,393.54,1,1
15346,252.42000000000004,1,11
15347,201.59999999999997,1,12
15348,158.03999999999996,1,2
15349,473.8099999999999,2,5
15350,115.65,1,12
15351,1960.1100000000001,7,0
15353,777.02,2,8
15355,277.05,2,0
15356,2766.5,10,1
15358,8347.199999999999,22,0
15360,427.92999999999995,1,1
15361,418.9200000000001,1,12
15363,326.0,1,12
15364,913.1900000000002,2,3
15365,2314.32,7,0
15366,602.5100000000001,2,2
15367,1877.5899999999997,4,1
15368,446.94000000000005,1,0
15370,2386.05,7,1
15372,2007.4,1,4
15373,2415.9100000000003,12,0
15374,168.0,1,4
15376,1233.3600000000001,3,1
15379,3703.290000000001,7,5
15380,1690.2600000000002,5,0
15381,596.85,2,7
15382,5955.709999999999,6,0
15384,642.4099999999999,2,5
15385,316.88,1,1
15386,394.14000000000004,1,6
15389,500.0,1,5
15392,1535.5299999999997,4,0
15393,231.86,2,0
15394,2183.54,4,0
15395,107.45000000000002,1,10
15396,288.17999999999995,1,3
15397,94.0,1,9
15398,1345.53,2,0
15399,815.7700000000001,3,0
15400,716.2,5,3
15402,626.3499999999999,2,4
15405,349.1,1,6
15406,510.7099999999999,2,1
15407,1056.4399999999998,4,1
15408,267.17999999999995,1,8
15410,3450.8399999999997,8,2
15411,1358.8799999999999,4,0
15412,190.53000000000003,1,5
15414,774.8999999999999,3,0
15415,572.8099999999998,1,10
15416,3984.3199999999993,4,2
15417,508.8000000000001,1,2
15419,135.86,1,0
15421,950.3600000000001,4,1
15422,97.7,2,10
15423,43.5,1,1
15424,383.34000000000003,2,8
15426,1447.3899999999999,5,0
15427,1483.1399999999999,3,1
15428,93.78,1,0
15429,397.35,2,0
15432,171.19,1,0
15433,533.3,2,7
15434,1041.4800000000002,5,0
15435,149.29000000000005,1,0
15436,1122.5299999999997,3,0
15437,200.16000000000003,1,8
15438,156.57999999999998,1,4
15440,383.68000000000006,3,1
15442,594.0,1,8
15443,3236.9099999999994,7,0
15444,1418.26,2,0
15445,113.5,1,8
15447,155.17,1,11
15448,494.64000000000004,1,10
15449,974.5199999999998,3,0
15450,429.84,1,1
15452,538.7299999999999,3,0
15453,1388.37,7,0
15454,179.10000000000002,1,12
15456,447.22,3,9
15457,237.07000000000002,1,8
15458,161.64,1,0
15460,216.76,1,11
15462,234.60000000000002,3,3
15463,126.14,1,0
15464,1048.8500000000006,1,11
15465,7354.620000000001,18,0
15466,334.53000000000014,1,2
15467,524.8799999999999,3,0
15468,467.50999999999993,2,1
15469,538.55,2,1
15471,469.47999999999985,1,0
15472,371.56,1,3
15473,1771.2,7,0
15475,454.10999999999984,1,2
15478,1441.42,2,1
15482,11014.96,11,0
15483,233.81000000000006,4,5
15484,3594.3099999999995,4,0
15485,2575.0,3,1
15488,91.32000000000001,1,3
15489,1134.2799999999997,3,0
15491,3100.0899999999997,6,3
15492,659.4599999999999,2,0
15493,2001.7999999999997,5,1
15494,1299.2300000000005,2,0
15497,1262.2,2,0
15498,13316.399999999998,27,0
15500,1131.56,4,0
15502,6923.980000000002,10,0
15503,147.09000000000003,1,12
15504,52.83000000000001,1,2
15505,3610.96,5,1
15506,979.2599999999999,3,0
15507,492.35999999999996,1,5
15508,1000.27,6,6
15510,250.0,1,11
15511,909.23,5,0
15512,121.0,2,5
15513,14758.220000000001,19,1
15514,4139.459999999999,11,0
15516,62.43,3,1
15517,267.03000000000003,1,7
15518,1942.4499999999998,8,2
15520,343.49999999999994,1,0
15521,3000.2000000000007,8,1
15522,398.84000000000003,2,1
15523,412.00999999999993,1,2
15524,440.0,1,0
15525,823.4199999999998,3,0
15526,148.44,2,1
15527,2429.78,8,0
15528,229.32999999999993,1,8
15529,3992.6799999999994,11,0
15530,1502.35,4,0
15531,2007.4400000000003,2,0
15532,1571.0299999999995,4,0
15533,807.5699999999999,3,0
15535,536.4,4,5
15537,110.92000000000003,1,5
15539,538.46,1,0
15540,213.30000000000004,1,0
15541,85.13000000000002,1,3
15543,127.85999999999999,1,9
15544,3546.7099999999996,9,0
15545,292.72,2,1
15547,4954.839999999999,14,0
15549,1689.5099999999998,3,2
15550,575.63,4,0
15551,436.05999999999995,1,1
15552,90.12,1,7
15553,437.22999999999985,1,2
15554,217.2,1,9
15555,4802.179999999999,16,0
15556,279.77,1,0
15557,473.65,1,0
15561,800.59,4,0
15562,134.55,1,11
15563,1361.4400000000005,3,0
15565,173.16000000000003,2,1
15567,186.01000000000002,1,0
15568,758.29,3,0
15569,1375.7099999999998,5,3
15570,4165.52,12,0
15571,650.4300000000001,4,0
15572,2552.86,7,0
15573,599.5,2,1
15574,702.2499999999999,4,5
15576,940.6700000000002,1,1
15577,258.88,3,5
15578,127.1,1,5
15579,348.6,2,2
15581,721.6300000000001,10,5
15582,682.9100000000001,3,0
15584,725.1099999999999,4,0
15585,455.30000000000007,1,5
15587,913.6800000000001,4,1
15589,478.53,3,8
15592,388.58,1,1
15593,199.8,1,2
15594,1771.7799999999997,5,0
15596,1406.5900000000001,5,3
15597,324.57,1,1
15598,240.68,1,1
15599,761.74,2,0
15601,6776.56,14,0
15602,1297.87,9,0
15603,48.480000000000004,1,2
15604,216.39000000000001,1,1
15605,1198.23,5,1
15606,2920.16,9,2
15607,104.76,1,11
15608,1093.68,4,0
15609,298.48,1,6
15610,112.46,1,1
15611,1570.45,11,0
15612,195.15,2,1
15615,10399.740000000002,23,0
15618,776.8499999999999,4,1
15619,336.40000000000003,1,0
15620,1553.1799999999998,3,1
15621,1293.03,4,0
15622,3709.559999999999,9,1
15623,301.03,1,4
15624,588.13,4,3
15625,1534.2600000000002,4,3
15626,675.8,2,2
15628,2870.24,9,0
15630,1186.35,2,1
15632,3285.3099999999995,8,0
15634,243.55,1,0
15636,724.76,2,2
15637,223.36,1,1
15639,425.31999999999994,1,4
15640,12515.660000000003,15,0
15641,1887.1999999999998,4,3
15643,664.0,3,6
15644,812.9999999999999,4,5
15645,611.5899999999997,1,0
15646,447.64,3,5
15648,657.3499999999999,2,6
15649,816.0,2,11
15651,646.3000000000001,3,1
15652,337.74,1,3
15653,877.4399999999999,2,3
15654,922.5300000000002,2,0
15655,560.67,1,8
15656,748.5000000000001,4,1
15657,30.0,1,0
15658,1024.1000000000001,5,6
15659,306.45000000000005,1,1
15660,1600.86,9,0
15661,309.79999999999995,2,10
15663,138.14000000000001,1,3
15664,386.43,1,1
15665,2242.0100000000007,2,5
15667,301.32000000000005,1,1
15668,76.32000000000001,1,7
15669,684.3399999999999,4,1
15670,173.05,1,9
15671,2657.13,7,0
15673,2881.0200000000004,4,2
15674,2111.89,4,2
15675,323.69,3,2
15676,3435.7599999999993,3,0
15677,657.23,1,1
15678,352.70000000000005,1,1
15679,781.2799999999999,4,0
15680,1333.6799999999998,3,0
15681,1426.16,5,0
15683,193.75,1,3
15687,2993.1,9,0
15689,254.1,2,3
15690,239.76,2,0
15691,136.8,1,8
15692,191.04000000000002,1,0
15694,6464.4,13,0
15695,409.9800000000001,2,8
15696,2736.46,8,1
15699,309.6499999999999,1,0
15700,696.6799999999996,2,5
15701,1542.14,4,0
15703,211.5,1,8
15704,2293.62,4,4
15705,143.10000000000002,1,6
15706,1060.56,4,2
15707,945.5799999999999,4,1
15708,3364.2400000000002,7,1
15709,133.25,1,9
15712,1072.36,5,0
15713,356.70000000000005,2,4
15714,330.88,2,0
15716,1118.81,4,4
15717,150.3,1,7
15719,5043.959999999999,13,1
15720,598.7300000000001,1,0
15721,507.0799999999998,1,0
15722,2222.5600000000004,5,1
15723,203.1,1,12
15724,218.25,2,6
15725,415.2500000000001,1,0
15727,5178.96,7,0
15729,85.0,1,7
15730,1120.88,3,2
15732,294.12,2,7
15733,162.3,1,9
15734,1339.4500000000003,2,3
15737,1205.12,8,0
15738,4812.42,16,0
15739,449.12000000000006,1,2
15740,154.88000000000002,1,1
15743,784.4600000000002,4,0
15744,34.8,1,2
15745,1094.59,4,0
15746,196.87999999999997,1,4
15747,974.0400000000002,3,0
15748,149.30999999999995,1,1
15749,44534.3,3,7
15750,2465.4799999999996,8,0
15752,2637.38,7,1
15753,79.2,1,10
15754,458.56999999999994,3,1
15755,2364.25,6,0
15756,532.9600000000002,4,2
15757,714.42,2,2
15758,205.25,1,0
15759,253.04000000000002,3,7
15762,583.75,2,2
15763,1086.92,2,1
15764,3279.9699999999993,6,2
15766,315.05999999999995,1,2
15768,621.8299999999999,3,3
15769,56252.72,26,0
15773,635.6800000000001,1,0
15774,270.8,1,2
15775,104.9,1,8
15776,241.62000000000003,1,4
15777,1047.11,4,8
15780,475.28,3,6
15781,345.46000000000004,3,0
15782,2614.7400000000002,3,0
15783,246.3,1,0
15785,2328.97,5,1
15786,4932.200000000003,3,1
15787,948.05,3,0
15789,351.3,1,11
15790,220.84999999999997,1,0
15791,1612.6900000000003,2,1
15793,965.61,3,0
15795,610.0100000000001,1,4
15796,2710.56,8,0
15797,2192.4,3,3
15799,884.1400000000001,3,2
15800,699.0799999999999,2,3
15801,1063.9499999999998,3,1
15803,415.82,1,1
15804,4206.389999999999,13,0
15805,5528.479999999999,17,0
15806,784.5799999999999,3,1
15807,903.8999999999999,3,1
15808,3734.9700000000007,4,10
15809,515.77,5,1
15810,1391.9799999999998,4,2
15811,2218.6200000000003,6,0
15812,1801.1400000000003,5,3
15813,1303.91,2,6
15814,1945.3300000000004,4,0
15815,2100.6,5,2
15819,1905.4499999999998,4,1
15820,206.98000000000002,1,10
15821,570.96,2,1
15822,885.47,2,0
15823,15.0,1,12
15825,532.94,1,5
15826,1654.31,3,1
15827,1836.0900000000001,14,2
15829,636.1400000000001,2,3
15830,576.0,1,1
15831,801.7600000000001,3,1
15832,836.7899999999998,1,8
15834,2231.2499999999995,4,2
15835,954.0899999999999,4,1
15836,137.37,1,1
15837,391.97999999999996,1,2
15838,33643.079999999994,19,0
15839,1048.4900000000002,3,1
15840,355.56,2,1
15841,1224.06,4,2
15843,118.95,1,10
15844,130.74,1,1
15845,3711.77,8,0
15847,389.2699999999999,2,1
15850,238.85000000000008,2,0
15852,160.71,2,6
15853,110.80000000000001,1,1
15854,2974.6499999999996,12,0
15855,712.24,5,4
15856,16386.31,27,0
15857,297.0,1,0
15858,1438.8500000000001,5,0
15860,977.21,8,1
15861,3165.3599999999997,8,0
15862,832.8799999999999,4,0
15863,68.84,2,0
15864,1936.3200000000002,6,0
15865,895.1299999999999,3,1
15866,230.52999999999994,1,3
15867,3806.1,15,0
15869,149.64,2,9
15870,354.0899999999999,1,1
15872,360.9299999999999,2,0
15874,4405.88,7,2
15877,493.28,2,0
15880,343.28,1,12
15881,501.39,5,10
15882,514.0799999999999,4,6
15883,396.4799999999999,2,0
15885,349.34999999999997,1,3
15886,181.09,1,2
15888,162.64000000000001,1,2
15889,427.56999999999994,2,5
15891,521.9699999999999,1,7
15894,262.9,2,8
15895,179.17,1,4
15897,222.04999999999998,2,6
15898,1388.88,5,0
15899,56.25,1,12
15900,351.1099999999999,1,0
15901,361.90000000000003,3,0
15903,5126.76,7,0
15904,164.67999999999998,1,0
15906,1567.6899999999998,7,0
15907,966.5999999999998,3,0
15909,191.93999999999997,1,5
15910,1232.1800000000003,8,0
15912,264.62,2,5
15916,1528.0900000000001,8,0
15917,123.10000000000001,1,8
15918,334.22999999999996,2,6
15919,639.8899999999999,2,0
15920,163.55,3,5
15921,336.03000000000003,1,5
15922,369.50000000000006,1,12
15923,127.08000000000003,1,12
15925,207.15,1,6
15930,426.63000000000017,1,2
15932,2495.87,8,0
15933,1107.4599999999998,3,0
15935,108.03999999999999,1,7
15937,145.35,1,2
15938,404.58000000000004,5,3
15939,6115.01,15,2
15940,35.8,1,10
15942,337.43999999999994,1,4
15944,325.1,1,9
15945,181.0,1,12
15947,1708.2400000000002,1,2
15948,955.24,2,0
15949,364.71999999999997,2,0
15950,1765.5099999999998,4,1
15951,708.2199999999998,2,0
15952,806.5700000000002,4,1
15953,1659.38,8,0
15955,4416.26,14,0
15957,428.88999999999993,1,1
15958,104.35,1,2
15963,470.76,2,0
15965,845.6399999999999,4,0
15967,418.83000000000004,2,0
15969,666.1,3,0
15970,314.1,1,10
15971,4194.9,12,0
15973,307.82,1,12
15974,3442.1499999999996,7,1
15975,371.01,1,2
15976,430.93999999999994,2,5
15977,1054.73,2,0
15978,1098.7800000000002,1,2
15980,2398.86,3,2
15981,3408.4799999999996,8,0
15983,1475.02,4,0
15984,2837.67,10,0
15985,1142.42,2,4
15986,168.12,1,1
15987,1451.28,7,0
15988,158.03000000000003,1,0
15990,792.1100000000001,2,1
15992,41.989999999999995,1,0
15993,2788.869999999998,7,0
15994,427.07000000000005,1,1
15996,1060.68,6,2
15998,3089.9700000000003,5,1
16000,12393.7,3,0
16003,2735.370000000001,5,0
16005,615.3899999999999,4,0
16006,101.39999999999999,1,7
16007,1701.9400000000005,4,1
16008,478.78000000000003,3,0
16009,992.7099999999999,4,0
16010,407.5,3,8
16011,3362.710000000001,16,0
16012,1415.29,3,1
16013,37130.59999999999,47,0
16014,662.3799999999999,3,1
16015,705.1000000000003,3,0
16016,1508.7599999999998,8,0
16017,211.87999999999994,1,1
16018,408.9,2,1
16019,3786.24,9,1
16020,851.0100000000001,3,0
16022,628.2800000000001,1,8
16023,719.8100000000001,3,1
16024,245.95999999999992,1,0
16025,439.66,1,0
16026,236.09000000000006,1,1
16027,934.62,6,3
16029,72882.08999999998,62,1
16030,331.24000000000007,1,10
16031,548.94,2,3
16033,8816.400000000001,20,0
16034,437.69999999999993,3,6
16036,758.9200000000001,2,2
16037,855.0200000000001,3,8
16038,471.78,3,0
16040,1313.55,3,2
16041,3166.4,3,1
16042,1197.2699999999998,5,0
16043,773.99,4,1
16045,1340.7,4,3
16048,256.44000000000005,2,12
16049,1111.789999999999,3,1
16050,137.9,1,5
16052,362.06000000000006,1,1
16053,1511.9499999999996,2,1
16054,783.8999999999999,1,4
16055,134.8,1,7
16056,664.85,1,1
16057,2263.12,7,0
16059,1459.86,6,2
16062,1153.6200000000001,4,0
16063,335.32000000000005,1,8
16065,372.0900000000001,1,12
16066,1521.8699999999997,5,0
16070,852.1499999999999,2,0
16071,326.24000000000007,1,1
16072,584.3199999999999,1,9
16073,122.39999999999999,1,9
16076,2234.7299999999996,10,0
16078,79.2,1,9
16079,1352.0,3,0
16080,217.16000000000003,2,2
16081,2806.9,5,1
16083,1317.6200000000001,2,3
16084,436.17999999999995,1,9
16085,981.5100000000001,5,0
16086,1121.39,5,1
16091,315.06,2,5
16092,817.86,3,3
16093,17.0,1,3
16094,1078.23,4,0
16096,320.62,1,8
16097,185.05,1,8
16098,2005.6299999999999,7,2
16099,731.9,3,1
16101,1290.7,1,2
16102,1842.14,3,1
16103,1429.64,6,0
16104,302.36,1,2
16105,336.96,1,8
16106,108.38,1,2
16107,3204.1600000000003,7,0
16108,842.5,1,2
16109,611.8799999999999,2,7
16110,1337.48,3,1
16112,195.74,4,4
16113,161.38000000000002,1,6
16114,135.75000000000003,1,5
16115,1667.97,8,0
16116,612.7800000000001,1,7
16117,232.21,1,6
16119,423.36,2,0
16120,1309.1399999999999,4,1
16121,867.1099999999999,2,1
16122,684.4200000000001,4,2
16123,307.78,1,1
16124,249.0,1,10
16125,289.35,1,12
16126,6287.77,4,0
16127,656.2500000000001,1,1
16128,1880.22,5,0
16131,3506.54,6,1
16133,14589.039999999999,33,0
16134,618.0899999999999,2,0
16135,517.5499999999998,1,8
16136,709.3800000000001,3,1
16139,635.4100000000001,3,0
16140,725.18,2,2
16141,620.4,1,2
16142,535.3400000000001,1,8
16143,2424.94,6,0
16144,175.2,1,8
16145,3799.4900000000002,11,0
16146,734.13,3,5
16147,375.0,1,4
16148,76.32000000000001,1,9
16149,280.52000000000004,2,0
16150,2053.0200000000004,5,1
16152,1829.04,1,8
16153,1824.23,5,1
16156,3122.0400000000004,9,0
16157,656.69,3,0
16159,348.2000000000001,1,9
16160,1025.4400000000003,2,2
16161,5575.56,19,0
16162,37.4,1,8
16163,856.6000000000001,2,7
16164,822.48,3,0
16168,3787.6,27,0
16169,1822.9700000000003,4,0
16170,1885.0500000000004,6,1
16171,73.2,1,1
16172,1140.21,5,3
16173,1418.3199999999997,6,0
16174,1009.5500000000001,3,4
16175,1037.59,4,3
16177,331.95,1,1
16178,197.90000000000003,1,4
16179,215.83,1,2
16180,10254.18,8,3
16181,305.5400000000001,1,2
16182,6617.65,4,2
16183,338.7100000000001,1,2
16184,1158.79,6,2
16185,529.41,2,0
16186,4006.94,12,0
16187,6911.440000000001,15,1
16188,981.8599999999999,4,1
16189,215.48,2,0
16190,215.08,1,1
16191,5180.5199999999995,13,0
16193,314.45,1,7
16198,400.68,1,2
16200,1080.62,2,0
16201,1863.47,4,0
16202,365.27000000000004,1,12
16203,592.9,4,1
16204,405.71000000000004,1,0
16205,754.78,4,1
16206,537.06,4,1
16207,394.38,1,0
16208,664.26,2,1
16209,2262.62,5,2
16210,21076.3,17,0
16211,547.02,1,2
16212,690.3399999999999,2,0
16213,159.0,1,2
16214,1062.75,3,5
16215,242.35000000000002,1,2
16216,914.9300000000002,1,8
16217,304.25,2,7
16218,3084.68,7,0
16221,864.86,3,1
16222,846.7200000000007,1,10
16224,1295.2999999999997,4,1
16225,1096.3200000000002,5,1
16226,255.12,3,6
16227,314.22,1,7
16229,1010.5999999999998,2,2
16230,542.03,2,6
16232,990.88,4,1
16233,536.68,3,2
16235,857.3100000000001,4,1
16236,432.19999999999993,1,2
16239,414.2,2,1
16240,3718.8000000000006,2,0
16241,2607.8700000000003,13,0
16242,3603.209999999999,7,0
16243,409.0999999999999,2,1
16244,1522.7499999999995,2,7
16245,1413.66,3,0
16247,114.56,1,5
16248,152.94,1,2
16249,1800.0700000000002,5,1
16250,389.44,2,8
16253,3683.8600000000006,2,2
16255,2619.91,8,0
16256,752.4300000000002,1,8
16257,21.95,1,5
16258,5203.51,5,1
16260,1035.45,1,1
16261,746.8300000000002,4,0
16265,5347.0,9,0
16266,861.89,7,2
16268,617.65,2,2
16270,1141.2399999999996,1,11
16271,1429.24,5,0
16272,411.7000000000001,1,3
16274,337.74999999999994,1,12
16275,559.8699999999999,1,6
16276,810.6000000000001,1,5
16278,566.3799999999999,1,3
16279,1509.58,3,0
16281,2062.06,1,2
16282,168.3,1,11
16283,1569.1099999999997,5,0
16284,823.97,2,1
16287,142.5,1,5
16292,302.25,1,4
16293,2248.99,10,0
16295,1328.5499999999997,4,0
16297,301.90000000000003,1,8
16298,598.2,3,0
16302,233.22,1,4
16303,5360.630000000001,3,0
16305,361.2199999999999,1,4
16306,632.27,6,7
16308,2560.0,4,1
16309,706.5699999999999,2,3
16311,616.26,2,0
16313,274.15000000000003,2,0
16315,226.37,1,11
16316,2938.9100000000003,8,2
16317,1341.65,3,3
16318,328.15,1,1
16319,404.40000000000003,1,7
16322,326.75,2,0
16323,207.50000000000003,1,6
16324,428.6799999999999,3,4
16325,594.24,3,1
16326,3110.9599999999996,14,0
16327,3813.619999999999,6,0
16330,251.91,3,0
16332,1593.2000000000003,7,0
16333,26626.800000000003,22,0
16337,151.05,1,1
16338,214.80000000000004,1,5
16339,109.95000000000002,1,9
16340,549.0699999999998,1,3
16341,1971.8700000000003,4,0
16342,322.40999999999997,4,2
16343,370.48,2,0
16344,101.10000000000001,1,5
16345,575.4100000000001,1,1
16347,887.6500000000001,2,0
16348,1467.1100000000004,7,1
16349,53.5,1,9
16350,1116.4699999999998,4,0
16351,153.9,1,11
16352,494.44000000000005,2,0
16353,6675.71,23,0
16354,395.79999999999995,2,2
16356,211.77,3,6
16357,658.8799999999999,3,1
16358,2027.5000000000005,4,0
16359,1750.92,9,0
16360,3512.5299999999997,6,0
16361,896.6600000000001,4,0
16362,734.7699999999999,5,1
16363,109.36000000000001,1,1
16364,707.04,2,0
16365,1540.42,9,0
16366,327.3,1,0
16367,804.4899999999998,2,1
16368,497.42999999999995,2,0
16369,1551.58,3,0
16370,1320.5599999999995,4,2
16372,367.9299999999999,2,1
16374,465.07999999999987,2,2
16376,987.0100000000004,2,0
16377,676.2,1,8
16378,362.94999999999993,3,8
16379,2157.4,4,0
16380,1780.5900000000001,1,2
16383,668.3600000000001,2,2
16384,584.5,2,2
16385,555.8900000000001,3,2
16386,317.2,2,0
16387,94.36,1,10
16389,1382.0700000000002,4,1
16392,221.19000000000005,1,8
16393,3046.21,13,0
16394,1555.3400000000001,5,1
16395,1486.9,5,2
16398,1705.8000000000002,2,5
16399,406.77,2,0
16400,303.93,1,3
16401,4098.32,12,0
16402,299.5999999999999,2,8
16403,177.5,1,10
16404,443.0500000000001,1,2
16405,167.25,2,10
16406,163.07,1,0
16407,2126.93,10,0
16409,2028.8799999999997,5,1
16411,214.65,2,0
16412,151.83,1,1
16413,262.20000000000005,1,1
16414,126.25,2,0
16415,210.34999999999985,1,1
16416,1051.3999999999996,3,0
16418,675.27,3,1
16419,972.2300000000001,6,3
16422,34684.399999999994,51,0
16423,346.12,1,0
16424,133.56,1,6
16425,302.69999999999993,1,10
16426,1908.2500000000002,10,0
16427,241.06,2,8
16429,284.55,1,3
16430,300.85,1,1
16431,642.81,3,7
16432,287.4,1,2
16433,184.26000000000002,1,0
16434,1522.25,7,0
16438,798.35,5,0
16440,3640.67,5,0
16441,381.2,2,2
16442,616.79,3,0
16444,654.6700000000001,4,1
16445,230.51000000000002,1,1
16446,168472.5,2,0
16447,259.0099999999998,1,4
16448,188.89,1,6
16449,707.6899999999998,2,6
16450,311.92,1,4
16451,266.97,1,2
16454,5.9,1,2
16455,1841.18,7,2
16456,2158.37,5,3
16457,208.36,1,7
16458,3482.74,18,0
16460,814.7199999999999,3,0
16461,151.42,1,5
16462,136.0,3,2
16463,1422.4,4,0
16464,1314.6799999999998,3,0
16466,1603.46,7,1
16468,74.9,1,2
16469,650.4300000000001,4,0
16470,762.3900000000001,4,1
16471,223.95,1,9
16473,316.11,3,5
16474,1871.3400000000004,7,0
16475,544.3,4,2
16477,2494.46,7,2
16478,331.00000000000006,3,0
16479,300.83000000000004,2,0
16480,769.2899999999995,1,2
16482,220.61999999999998,1,0
16483,139.35000000000002,1,6
16484,404.29999999999995,2,5
16485,363.65,1,2
16488,498.8,3,1
16491,731.5,1,1
16493,1351.6299999999999,4,2
16494,826.5299999999999,1,9
16495,684.4099999999999,3,0
16496,1599.52,3,0
16497,2965.6899999999996,6,1
16498,100.97000000000001,2,5
16499,365.45,2,12
16500,400.86,6,0
16503,1431.9299999999998,4,3
16504,484.37999999999977,1,0
16505,777.6,1,1
16506,90.30000000000001,2,0
16509,363.7,1,9
16510,248.10000000000002,1,12
16511,948.26,3,0
16513,874.5900000000001,4,0
16515,1627.1299999999997,5,1
16516,101.7,1,1
16517,162.70000000000005,1,9
16518,484.32000000000005,2,2
16519,212.98000000000002,2,0
16520,1046.5699999999997,3,6
16523,9418.470000000001,21,0
16525,13027.449999999999,26,0
16526,290.35999999999996,1,5
16527,228.06000000000003,1,2
16528,244.41,1,0
16529,455.25,1,6
16531,1244.59,7,0
16532,6748.8,3,0
16533,1095.56,3,0
16535,593.75,1,0
16536,548.97,1,3
16539,1388.81,4,0
16542,119.62,1,1
16545,339.3,1,5
16546,787.1500000000001,2,9
16549,4154.64,10,0
16550,2298.9700000000003,5,3
16551,922.1200000000001,3,3
16552,379.73,2,8
16553,5719.820000000001,12,5
16554,837.1000000000001,3,1
16555,285.89,2,1
16556,3313.7899999999995,7,2
16557,281.85,2,0
16558,8338.49,20,0
16560,841.4099999999999,2,0
16561,511.12,2,0
16563,1077.74,1,1
16565,173.7,1,12
16566,614.66,5,0
16567,865.5999999999999,2,6
16569,124.2,1,0
16570,3738.4,10,0
16571,1421.69,3,0
16572,1009.5999999999999,3,4
16573,663.6099999999999,2,2
16574,451.43999999999977,1,2
16581,105.84,1,6
16582,313.61999999999995,1,3
16583,233.45000000000002,1,12
16584,936.0800000000002,2,2
16586,463.95,1,8
16587,225.14999999999995,1,7
16589,459.23999999999995,3,2
16591,213.5,1,2
16592,4113.679999999999,16,0
16593,330.03,3,1
16594,181.08999999999997,1,2
16595,360.1600000000003,1,2
16596,250.15,2,0
16597,90.04000000000002,1,0
16598,145.05,1,9
16600,813.52,6,0
16601,243.62999999999997,1,1
16602,528.0799999999999,1,1
16603,482.47,2,2
16607,3347.7100000000005,14,0
16609,5493.459999999999,7,0
16610,75.66,1,7
16611,129.49,1,6
16612,1187.66,4,1
16613,618.59,1,2
16614,506.18999999999994,1,6
16616,500.4200000000001,2,0
16617,151.85000000000002,1,7
16618,2647.5899999999992,5,1
16619,226.21,1,8
16620,178.96,2,0
16621,813.48,4,1
16623,129.45,1,8
16624,810.5699999999999,2,2
16625,333.08000000000004,1,9
16626,4413.1,17,0
16627,322.8,1,2
16628,2188.05,5,0
16629,417.7299999999999,2,2
16633,2883.1,6,0
16634,217.9,2,7
16637,1154.4699999999998,4,1
16638,1680.72,10,0
16639,1257.5099999999998,3,1
16641,231.10000000000002,1,3
16642,688.33,2,0
16643,487.51,1,8
16644,833.7799999999997,2,5
16647,214.06,2,5
16648,290.65999999999997,1,1
16650,518.4200000000001,1,2
16652,6773.97,7,1
16653,1212.6600000000003,2,0
16654,601.27,4,4
16655,3794.52,6,0
16656,8625.8,15,0
16657,933.6200000000001,4,0
16658,123.24,1,12
16659,39.12,1,6
16660,1267.65,4,0
16665,135.4,1,12
16666,118.98,1,0
16667,570.13,2,2
16668,306.71999999999997,6,0
16669,1370.4699999999996,2,0
16670,4095.9000000000005,11,0
16671,1692.27,3,0
16672,8134.940000000001,20,0
16674,319.61,2,1
16676,1592.12,4,1
16678,3109.9900000000002,12,0
16679,129.75,1,12
16680,183.70000000000002,1,1
16681,1770.3400000000001,6,2
16682,1027.9999999999998,5,0
16684,66653.55999999998,28,0
16685,324.24,2,2
16686,3062.829999999999,7,1
16688,1260.8600000000001,4,0
16689,422.59999999999997,2,2
16690,225.58,2,2
16692,1126.0,2,8
16693,482.01,2,2
16696,657.9000000000001,4,4
16697,112.75000000000001,1,8
16698,1998.0,2,7
16700,5076.549999999999,13,0
16701,5398.299999999999,13,0
16705,14034.989999999998,20,0
16706,531.3500000000001,3,1
16708,656.6300000000001,1,1
16709,3029.870000000001,5,2
16710,2483.0400000000004,10,0
16711,1651.03,5,0
16712,3637.7799999999997,11,0
16713,6923.130000000001,15,0
16714,1161.5299999999993,3,7
16715,301.71999999999997,1,2
16716,901.2,2,8
16717,3858.3800000000006,6,0
16718,623.7500000000002,1,12
16719,1790.42,7,0
16720,155.23999999999998,1,0
16721,292.46999999999997,1,8
16722,4730.81,13,0
16723,589.15,2,3
16725,779.5699999999999,6,10
16726,1382.02,5,0
16727,272.81999999999994,1,12
16728,1054.67,4,1
16729,7236.6,21,1
16730,743.1099999999999,3,1
16732,603.7499999999998,1,1
16734,650.51,3,1
16735,2300.5600000000004,5,2
16737,417.59999999999997,1,1
16738,3.75,1,9
16739,323.00000000000006,1,5
16743,2238.0899999999997,7,0
16744,1304.7600000000002,7,0
16745,7194.299999999998,17,2
16746,6697.660000000001,18,0
16747,836.06,2,1
16748,1515.9,5,0
16750,623.9300000000001,5,1
16751,1764.7199999999998,1,1
16752,207.5,1,12
16753,223.92,1,1
16754,2002.4,1,12
16755,1496.83,3,3
16756,239.4,1,7
16757,106.83,1,10
16758,369.34,1,2
16759,789.7900000000001,3,0
16761,316.61999999999995,1,3
16762,1501.3799999999999,3,0
16763,611.8500000000001,1,6
16764,2799.2499999999995,13,0
16765,34.0,1,9
16766,1145.6,2,9
16767,5580.6,11,1
16768,478.09000000000003,3,1
16769,380.3899999999999,1,8
16770,770.1000000000001,5,1
16771,2234.81,5,1
16773,171.59,1,1
16774,661.52,4,2
16775,1695.6600000000003,11,0
16776,388.2799999999999,1,2
16777,226.35000000000002,2,2
16778,245.94,2,2
16779,10629.72,22,0
16780,425.18999999999994,2,3
16781,311.24999999999994,1,12
16782,2279.9000000000005,13,0
16784,107.6,1,0
16788,595.8300000000002,2,4
16789,80.8,1,0
16790,1545.6200000000001,6,0
16791,1709.0299999999993,7,0
16792,110.38000000000001,2,9
16793,243.83999999999997,1,1
16794,1220.6900000000003,10,0
16795,414.88000000000005,1,12
16796,305.62,1,2
16800,1201.4900000000002,1,0
16801,1619.73,4,5
16803,332.29999999999995,1,2
16804,536.9900000000001,3,0
16805,460.5899999999999,2,5
16806,775.54,4,3
16807,1121.59,3,4
16808,288.42,2,3
16809,914.6900000000003,5,0
16810,309.53999999999996,1,6
16811,547.0699999999999,2,0
16812,479.3500000000001,1,12
16813,1692.9799999999998,10,0
16814,6499.199999999999,21,0
16816,417.06000000000006,4,3
16817,1604.75,9,0
16818,3349.5700000000006,11,0
16820,497.61000000000007,1,3
16823,358.37999999999994,1,7
16824,460.64,2,0
16825,775.18,2,1
16826,341.70000000000005,1,1
16828,113.5,1,3
16829,197.22,1,5
16830,325.90999999999997,1,1
16832,199.15,3,6
16833,1106.53,4,0
16834,413.46000000000004,1,7
16835,180.85,2,4
16836,251.87,2,1
16837,3170.98,11,1
16838,588.8500000000001,2,6
16839,16594.349999999995,34,0
16841,1869.82,6,1
16842,1264.19,3,3
16843,10196.569999999998,16,1
16846,214.32000000000002,1,1
16847,193.44,1,1
16848,281.42,1,1
16849,124.57,1,6
16850,332.40999999999997,1,11
16851,342.45000000000005,3,0
16852,144.91000000000003,2,0
16855,328.4,2,0
16856,35.400000000000006,1,0
16858,375.69000000000005,1,12
16859,747.81,2,4
16861,173.76,2,1
16863,502.8,2,1
16866,207.74,3,4
16869,825.42,4,0
16871,2812.3399999999997,6,0
16872,680.02,3,2
16873,7123.620000000001,6,0
16875,2095.5299999999997,5,2
16877,853.72,6,0
16878,13.3,1,2
16880,1519.0800000000002,7,1
16881,432.0,1,2
16882,705.1199999999999,3,2
16883,276.73,2,6
16884,429.84000000000003,2,1
16885,471.51,3,0
16887,194.88,1,1
16889,1578.67,3,6
16891,809.6999999999998,5,0
16892,525.54,5,0
16893,145.93000000000004,1,12
16895,219.13999999999996,1,2
16897,289.7800000000001,2,9
16898,508.81000000000023,3,0
16899,1281.56,6,0
16900,882.1600000000003,3,0
16902,1706.88,1,3
16903,373.24,1,0
16904,3750.469999999999,16,0
16905,3102.4300000000003,7,0
16906,579.77,4,2
16907,981.65,5,0
16909,379.14000000000004,1,2
16910,1510.06,8,0
16912,2575.3799999999997,11,0
16913,113.44000000000001,1,9
16914,208.45999999999995,1,1
16915,621.68,6,0
16916,576.2599999999999,2,0
16917,391.5200000000001,1,9
16918,1068.82,6,1
16919,2596.4500000000007,11,5
16921,169.79000000000005,1,2
16923,7247.61,19,0
16924,846.7500000000001,3,0
16926,230.25000000000003,1,12
16927,543.05,3,3
16928,2839.65,17,2
16929,1295.39,7,0
16930,380.5500000000001,3,0
16931,4604.219999999999,21,0
16932,161.94,1,1
16933,563.2300000000001,2,0
16934,950.9299999999998,2,1
16936,262.68,1,0
16938,2736.380000000002,4,0
16940,3049.879999999999,3,1
16942,1920.59,9,0
16943,816.73,3,7
16945,4345.5,19,0
16947,406.48000000000013,1,7
16948,435.02000000000004,3,4
16949,1286.2700000000002,6,0
16950,1178.56,3,1
16951,1277.750000000001,3,4
16952,167.61,2,3
16953,20.8,1,1
16954,2085.08,9,0
16955,518.67,4,6
16956,308.74,1,0
16957,416.64,2,7
16959,117.35000000000001,1,2
16960,505.1,3,1
16961,234.17,1,3
16963,110.55000000000001,1,6
16965,192.06999999999996,1,7
16966,2154.9700000000003,7,0
16967,319.0199999999999,1,6
16968,439.43000000000006,2,0
16969,650.4099999999999,3,1
16971,357.20999999999987,1,1
16976,251.51999999999998,1,8
16978,344.33,1,2
16979,1852.0,6,0
16980,1078.9600000000003,2,8
16982,384.06,1,2
16983,1931.2500000000002,7,0
16984,4481.349999999998,2,2
16985,5464.12,10,0
16986,1873.2,2,0
16987,1625.05,7,0
16988,126.12,1,0
16989,1133.25,6,0
16990,179.0,1,7
16992,1614.31,5,0
16996,1456.96,6,1
16997,702.0,3,9
16998,295.0,4,4
16999,484.82,2,0
17001,3989.5699999999997,11,0
17002,1493.7300000000002,3,2
17004,1412.9399999999996,2,1
17006,781.78,4,0
17007,889.9300000000001,6,1
17010,195.36,1,0
17011,270.90000000000003,1,1
17014,586.33,3,0
17015,1842.56,3,0
17017,8694.26,20,0
17018,920.1,2,1
17019,1272.6100000000001,4,0
17022,71.0,1,1
17024,95.85,3,1
17025,357.77,3,2
17026,154.82999999999998,2,6
17027,890.2899999999997,6,2
17029,716.0,2,3
17030,146.87,1,2
17031,380.35,2,0
17033,1030.1399999999999,3,2
17034,745.52,3,0
17035,433.53000000000003,2,8
17037,1267.3199999999997,1,2
17038,112.40000000000003,1,1
17040,449.7299999999999,1,4
17041,1081.57,3,0
17042,1044.3799999999999,5,0
17043,1735.1799999999998,4,1
17044,948.48,1,0
17045,339.43999999999994,3,3
17046,642.0199999999999,1,5
17047,1100.8999999999999,3,2
17048,925.3500000000001,3,3
17049,5659.9800000000005,9,0
17050,3228.8399999999997,6,3
17051,247.14,1,6
17052,413.75000000000006,1,0
17053,498.47999999999996,1,4
17054,1356.33,5,0
17058,1179.89,3,2
17059,3095.04,5,0
17060,234.24,1,8
17061,5232.23,11,2
17062,533.3299999999999,4,10
17063,1461.1400000000003,7,0
17064,859.35,3,1
17068,4545.89,21,0
17069,2709.7,9,0
17070,312.13999999999993,1,3
17071,2429.0299999999997,9,0
17073,1444.8399999999997,4,0
17075,834.12,4,0
17076,841.0799999999999,3,1
17078,375.86000000000007,2,1
17079,118.80000000000001,1,2
17080,287.62,2,0
17081,290.15999999999997,2,0
17082,2003.85,2,1
17083,1405.7799999999997,3,3
17084,2949.75,2,1
17085,1566.65,5,4
17086,2050.0800000000004,6,0
17088,1991.01,4,0
17090,2043.95,7,0
17091,3827.76,9,0
17092,1777.78,4,1
17094,301.99999999999994,1,10
17095,1324.1599999999999,3,0
17096,1022.1299999999999,4,0
17100,971.74,2,0
17101,1621.73,4,0
17102,25.5,1,8
17105,665.78,2,5
17107,10815.43,6,1
17109,885.04,6,0
17110,163.29999999999998,1,5
17111,248.60999999999999,1,1
17114,808.6200000000001,8,0
17115,837.5000000000002,3,0
17117,116.19999999999997,1,9
17118,157.02,1,10
17119,606.91,2,0
17120,307.46,1,7
17122,138.32,1,3
17123,345.29999999999995,1,5
17124,298.89000000000004,1,6
17125,259.34999999999997,1,1
17126,1004.7500000000001,5,5
17128,157.09,1,11
17131,2463.17,5,0
17133,4892.240000000002,7,0
17134,424.99999999999994,2,3
17135,1139.73,7,0
17138,380.5,1,9
17139,10668.470000000003,12,0
17140,465.32,1,8
17142,579.0,1,7
17144,984.5699999999999,2,0
17146,749.7800000000001,3,3
17147,1714.59,4,0
17148,124.88,1,1
17152,1689.5,3,6
17153,213.77999999999997,1,0
17154,329.34000000000003,1,2
17155,251.7,2,0
17157,319.0,2,0
17158,1266.97,3,1
17159,1538.88,3,0
17160,3518.0300000000007,6,1
17162,1715.46,10,0
17163,293.1,2,0
17164,2467.35,7,1
17165,158.68,1,9
17166,206.33999999999997,2,1
17169,835.78,2,1
17171,224.90999999999997,1,9
17172,317.76,1,2
17173,3766.6000000000004,8,0
17174,59.9,1,7
17175,1443.69,4,1
17176,306.13,1,6
17179,711.79,3,5
17180,796.03,4,1
17181,239.92,2,1
17183,3347.31,6,0
17186,144.0,2,1
17187,203.95,1,7
17188,2474.23,7,0
17189,384.4,2,3
17190,444.74,2,1
17191,2095.13,7,0
17193,1699.3000000000002,7,1
17194,226.78000000000003,1,12
17197,1013.01,1,0
17198,692.2199999999999,3,0
17201,342.63,1,1
17203,3563.8500000000004,6,1
17204,1564.5600000000002,4,5
17205,384.08,1,1
17206,204.24,1,1
17211,2317.2200000000003,8,0
17212,226.85,1,8
17213,2781.2300000000005,7,1
17214,1069.1200000000001,6,2
17217,113.5,1,7
17218,1960.7199999999998,10,0
17219,114.23,1,1
17220,3198.250000000001,14,0
17221,335.13,2,0
17222,354.15,1,2
17223,391.79,2,10
17226,393.48999999999995,1,10
17227,939.32,6,0
17228,1906.0899999999997,8,0
17229,318.76,2,3
17230,3638.4100000000003,8,8
17231,3174.3199999999997,10,0
17232,421.52000000000004,2,0
17233,190.88,1,1
17234,149.89,1,6
17235,550.06,2,0
17236,916.1299999999999,6,0
17237,314.69,2,0
17238,3744.6499999999996,17,0
17239,382.50000000000006,1,10
17242,1135.04,2,3
17243,8668.449999999999,26,0
17244,954.8999999999997,1,1
17245,171.45,1,6
17247,282.18999999999994,1,0
17248,318.65000000000003,1,4
17250,384.52000000000004,2,0
17251,283.28,1,12
17252,353.8599999999999,2,3
17253,178.26,1,0
17254,272.44000000000005,2,0
17255,298.41,2,1
17256,240.0,2,3
17259,603.37,2,4
17262,1253.3600000000001,5,1
17263,63.440000000000005,1,6
17265,562.8999999999999,2,4
17266,310.64000000000004,3,0
17267,317.61999999999995,2,4
17268,763.64,4,3
17272,2148.6299999999997,4,1
17274,111.98000000000002,1,1
17277,1065.3500000000001,2,7
17278,246.04000000000008,1,8
17279,187.82999999999998,1,1
17282,1703.4099999999999,3,4
17284,1652.5800000000002,6,2
17286,153.92000000000004,1,0
17287,1064.11,7,0
17288,1419.73,7,0
17289,944.41,3,1
17290,525.2399999999999,2,0
17291,550.8000000000001,1,10
17293,1875.11,9,0
17295,556.9499999999999,3,0
17297,131.78000000000006,1,0
17298,498.4200000000001,2,3
17299,669.1099999999999,4,0
17301,197.6300000000001,1,0
17302,1135.63,5,0
17303,250.03999999999994,1,12
17306,8631.31,19,0
17309,82.75,1,3
17311,1384.85,2,2
17312,644.3,3,4
17313,2328.8399999999997,1,1
17314,2527.9199999999996,8,0
17315,6252.18,36,0
17317,2600.34,3,1
17320,1200.62,3,3
17321,700.8599999999999,2,0
17323,917.6700000000001,7,0
17324,990.23,4,0
17325,96.8,1,9
17329,523.11,2,0
17330,363.9,2,0
17331,175.2,1,4
17333,494.24999999999994,1,2
17334,307.02000000000004,2,10
17337,2026.4200000000005,4,5
17338,6635.140000000001,8,0
17339,243.36,2,3
17340,12353.29,11,0
17341,781.3599999999999,3,5
17343,193.63999999999996,1,11
17344,160.56999999999994,1,1
17345,537.74,4,0
17346,2676.5600000000004,15,0
17347,228.96,1,2
17348,1159.5200000000002,5,0
17349,110.75,1,5
17350,1286.07,4,0
17351,587.15,3,1
17353,1740.0,2,4
17354,1393.06,1,1
17356,178.21999999999997,1,10
17357,388.1399999999999,2,0
17358,365.84999999999997,2,10
17359,127.85999999999999,1,0
17360,585.79,3,0
17361,488.20000000000005,3,1
17362,312.23,2,7
17364,4481.18,11,0
17365,4796.5199999999995,8,0
17367,168.4,1,7
17368,1912.67,8,0
17370,446.18,4,2
17371,423.89,3,0
17372,1342.6800000000003,8,1
17373,646.92,4,1
17374,495.77000000000004,2,7
17375,400.1,3,6
17376,203.2,2,2
17377,4100.92,20,0
17379,404.66,1,0
17381,20275.61,29,0
17382,65.4,1,2
17383,199.29000000000002,1,0
17384,336.4,2,0
17385,261.11000000000007,1,0
17386,2686.42,6,0
17387,784.1100000000001,2,0
17388,1259.5600000000002,4,2
17389,31833.68,34,0
17391,508.8,2,5
17392,451.90999999999997,2,10
17394,203.86999999999995,1,7
17396,7312.8,7,1
17397,696.4099999999999,2,0
17398,653.3800000000001,3,3
17400,2129.959999999999,5,4
17402,2598.8500000000004,12,0
17403,281.62000000000006,1,1
17405,1031.41,3,0
17406,2200.4199999999996,3,11
17408,32.65,1,5
17409,771.8500000000001,2,6
17410,1214.72,5,0
17411,778.94,3,0
17412,1258.06,7,0
17414,778.0,2,1
17415,507.8399999999999,1,2
17416,6893.42,7,0
17418,463.46000000000004,2,1
17419,4226.57,12,0
17420,598.8299999999999,3,1
17422,1979.37,6,0
17423,698.4100000000001,2,1
17425,759.1699999999995,2,0
17426,5037.259999999999,6,0
17427,100.8,1,2
17428,17256.85,28,0
17429,524.9200000000001,3,4
17430,265.76,2,1
17431,403.30000000000007,1,10
17432,365.76,2,0
17433,303.16,1,2
17434,2373.82,7,0
17436,216.29999999999998,2,0
17438,388.45000000000005,1,8
17440,186.42,3,5
17442,2248.56,6,1
17446,120.9,2,5
17447,541.53,2,1
17449,2517.8599999999997,7,0
17450,194550.78999999995,46,0
17451,1721.3999999999999,7,0
17453,486.71999999999997,2,0
17454,517.53,4,6
17455,131.7,1,6
17456,249.85999999999999,1,12
17457,1737.7,5,4
17458,316.49999999999994,1,0
17459,657.3,2,1
17460,622.4300000000001,6,3
17461,757.4599999999998,3,0
17462,675.69,2,2
17463,1896.4099999999999,5,0
17464,289.96000000000004,1,5
17466,763.28,2,0
17468,137.0,2,0
17469,1870.9700000000003,5,0
17470,1125.07,5,1
17472,710.29,3,6
17475,194.36999999999995,1,2
17480,511.82,1,2
17481,1255.5900000000001,4,0
17483,414.04,3,2
17486,396.87000000000006,1,8
17489,376.64000000000004,2,1
17490,2092.32,7,0
17491,3558.87,10,0
17492,374.57,1,8
17495,497.56000000000006,2,0
17496,271.04999999999995,1,11
17498,272.21999999999997,1,2
17499,622.88,1,9
17500,1138.0,3,0
17501,288.6,2,7
17502,689.1000000000001,4,0
17503,558.96,2,0
17504,2997.03,9,6
17505,1145.8400000000001,2,5
17506,302.2,1,2
17507,605.5799999999999,2,8
17509,6115.140000000001,8,1
17510,308.48,1,0
17511,91062.37999999999,31,0
17512,2924.9899999999993,10,0
17513,513.2,1,2
17514,208.65,1,4
17515,639.02,4,1
17516,768.0800000000002,5,0
17517,153.94,1,10
17519,1844.02,6,0
17520,546.8100000000001,1,1
17521,723.2099999999999,3,0
17522,1066.15,5,0
17523,652.74,4,0
17524,145.0,1,12
17525,422.70000000000005,1,11
17526,1195.9,4,0
17527,939.3699999999999,4,1
17528,3628.5,8,0
17530,2380.4099999999994,10,0
17531,296.70000000000005,1,6
17534,223.36,1,1
17535,164.39999999999998,1,9
17536,76.5,1,5
17537,897.6200000000003,2,0
17538,98.42000000000002,1,0
17540,578.9,2,0
17542,170.75,1,8
17545,645.9599999999998,3,1
17548,103.3,1,7
17549,148.85999999999999,2,0
17550,267.15999999999997,3,6
17551,306.84,1,11
17552,930.4100000000001,4,2
17553,1487.6,1,4
17554,1952.4499999999998,5,0
17555,483.26,2,0
17556,157.9,1,6
17557,541.46,3,0
17560,854.9499999999999,5,3
17561,167.61999999999998,1,0
17562,1122.38,7,0
17564,454.01000000000005,3,0
17566,901.2099999999998,2,0
17567,4331.48,8,0
17569,344.13999999999993,1,11
17571,1497.2600000000002,4,1
17572,226.75,4,2
17573,380.59999999999997,3,0
17574,185.64999999999998,1,8
17576,3622.68,19,0
17578,143.45999999999998,1,7
17579,448.9,3,0
17580,212.77000000000004,3,8
17581,11045.04,25,0
17582,175.27,1,7
17584,1242.2999999999997,2,0
17585,1133.07,4,3
17588,1240.2,3,3
17589,2402.92,4,2
17590,1477.9699999999996,3,0
17591,2225.9700000000003,7,2
17593,3927.3399999999992,5,0
17594,993.1800000000001,2,2
17595,388.78999999999996,2,0
17596,2827.93,7,0
17597,2044.3700000000003,1,7
17600,161.67000000000002,1,0
17601,116.01,1,7
17602,5102.969999999998,6,0
17603,394.72,1,2
17604,309.36,2,7
17608,193.42000000000007,2,1
17609,1104.7199999999998,5,1
17611,3984.2199999999993,15,0
17612,2048.45,6,1
17613,4559.15,14,0
17614,390.0699999999999,1,1
17615,329.6,3,4
17616,571.2,3,5
17618,971.5799999999999,3,0
17619,218.52000000000004,1,10
17620,81.44,1,1
17621,1379.9,3,0
17623,527.05,1,1
17624,843.48,2,0
17625,2046.9999999999998,4,0
17628,75.75000000000001,1,2
17629,1814.12,8,0
17630,503.5999999999999,2,5
17631,528.33,3,0
17633,1324.8400000000001,4,1
17634,2361.9700000000007,9,1
17636,285.56,1,0
17637,547.0599999999998,2,1
17639,108.5,1,9
17640,621.6600000000001,1,2
17642,712.2900000000001,2,3
17643,101.55000000000001,1,12
17644,2895.6400000000003,11,0
17646,1008.3900000000001,3,7
17647,133.06,1,2
17648,1797.5,4,2
17649,868.49,1,4
17650,166.07999999999998,1,0
17651,3945.0,10,0
17652,4867.72,12,0
17653,1207.5600000000002,4,1
17654,117.54999999999998,1,9
17655,2638.9400000000005,7,0
17656,1674.69,5,2
17658,595.42,2,0
17659,2999.4600000000005,12,0
17660,196.0,1,4
17663,1802.9100000000003,7,0
17664,604.6400000000001,2,0
17666,728.16,2,0
17667,2055.51,5,2
17668,347.75,2,0
17669,3406.72,7,1
17670,205.7,1,7
17671,1572.71,4,0
17672,3178.17,2,1
17673,1629.1200000000001,6,0
17674,551.0400000000001,2,2
17675,20374.28,31,0
17676,1387.6799999999998,6,0
17677,16363.230000000005,30,0
17678,298.10999999999996,1,8
17679,1992.1100000000006,2,1
17680,184.39999999999998,1,0
17682,2474.33,6,0
17684,239.41,1,1
17685,3191.53,7,0
17686,5739.46,7,0
17690,4757.95,15,1
17691,290.4,2,11
17692,725.58,4,4
17693,200.47,1,4
17694,283.12000000000006,1,4
17695,765.3399999999999,2,4
17696,2285.71,8,1
17697,338.95000000000005,1,7
17698,154.95000000000002,1,8
17700,2534.64,4,0
17701,417.95000000000005,1,8
17702,1824.37,4,1
17703,798.74,3,1
17704,885.19,2,5
17705,1823.52,9,0
17706,10504.49,17,0
17707,152.4,2,6
17708,267.08,2,6
17709,137.45,1,5
17711,385.1,2,0
17712,522.91,1,1
17714,153.0,1,10
17715,326.4,1,6
17716,5655.99,11,0
17718,139.35,1,7
17719,5396.040000000001,15,1
17720,1195.9399999999998,4,0
17722,2424.04,4,3
17723,3276.4,6,4
17724,1033.0,3,2
17725,3439.0800000000004,11,0
17727,1060.25,1,0
17728,2876.0100000000016,3,0
17730,5298.48,13,0
17731,1240.1100000000001,4,2
17732,303.97,1,12
17733,692.19,2,1
17734,700.63,3,1
17735,13110.019999999999,19,0
17736,377.4399999999999,3,0
17737,168.24,2,0
17738,1879.0499999999997,4,0
17739,2791.3500000000004,7,0
17742,355.11,2,3
17744,2322.4,6,0
17746,110.25000000000001,1,8
17747,71.4,1,3
17749,674.52,2,5
17750,1781.28,9,0
17752,80.64,1,11
17754,1772.26,5,0
17757,5601.340000000001,30,0
17758,3456.7000000000007,8,0
17759,833.7399999999999,3,0
17760,287.59000000000003,2,0
17761,712.78,1,1
17763,15.0,1,8
17764,818.8199999999999,2,1
17765,371.8800000000001,3,5
17767,271.20000000000005,1,0
17768,2273.1800000000003,3,0
17769,3997.9799999999996,10,0
17770,1143.27,5,6
17771,245.33,2,1
17772,182.77000000000004,2,0
17774,1225.41,4,3
17775,56.4,1,8
17777,665.8600000000001,3,0
17779,658.5699999999999,3,0
17781,188.01999999999998,2,5
17783,283.47,2,2
17785,131.94000000000003,1,1
17786,278.74,2,2
17787,1865.19,4,5
17788,1112.95,2,2
17789,225.9,1,9
17790,1965.5500000000004,14,0
17791,106.1,1,0
17793,323.03999999999996,1,0
17795,350.39000000000004,2,5
17796,697.9,4,1
17797,780.4300000000002,3,0
17799,3055.9299999999994,10,0
17800,1198.01,9,1
17802,1285.0400000000004,3,2
17805,512.31,1,2
17806,546.0399999999998,1,0
17809,5411.910000000001,12,0
17811,7831.030000000001,39,0
17812,732.1599999999999,4,0
17813,1770.8800000000003,5,0
17816,36.559999999999995,4,1
17817,387.67999999999995,3,0
17819,3704.8700000000003,7,2
17824,298.4,1,1
17827,1995.46,5,0
17830,398.7,3,0
17831,35.400000000000006,1,1
17832,155.3700000000001,1,1
17835,350.64,3,0
17836,109.83,1,1
17837,1587.48,8,1
17838,2779.2999999999997,5,0
17839,338.80000000000007,1,1
17841,40967.72000000001,124,0
17843,197.73000000000002,1,10
17848,901.2000000000002,9,2
17849,605.8000000000001,4,7
17850,5391.209999999999,34,12
17852,114.34,2,0
17854,311.26,2,6
17855,208.96999999999997,1,12
17856,1418.0300000000002,4,0
17857,25301.54,22,0
17858,5155.66,12,0
17859,148.21,1,10
17860,252.79999999999998,1,12
17861,2100.8,8,0
17862,330.9,1,10
17863,3159.9999999999995,6,1
17864,597.5,3,0
17865,10524.220000000001,20,1
17866,329.65,1,4
17867,1197.1000000000001,6,1
17869,428.18000000000006,5,3
17870,1894.35,12,0
17871,155.89999999999998,1,6
17873,1729.78,5,2
17874,683.4600000000002,6,6
17877,237.61,1,5
17878,379.45000000000005,1,1
17879,178.51999999999998,1,5
17880,458.91999999999985,1,12
17881,133.35000000000002,1,10
17883,671.77,4,0
17884,717.4499999999999,4,0
17885,190.18999999999997,1,0
17886,899.61,3,1
17887,111.35,1,4
17888,726.05,8,0
17889,203.87,2,7
17890,602.09,2,10
17891,203.85999999999993,1,5
17892,244.10000000000002,3,1
17893,112.25000000000004,1,7
17894,1119.39,8,2
17895,97.99999999999997,1,1
17896,256.32,1,0
17897,566.6,3,5
17898,152.05999999999997,2,2
17899,155.79999999999998,1,5
17900,112.19999999999999,2,6
17901,110.38000000000001,1,0
17904,191.66999999999993,1,0
17905,800.24,4,2
17906,72.9,1,8
17908,243.2799999999999,1,12
17911,366.23,1,0
17912,311.01000000000005,5,10
17913,411.59999999999997,2,1
17914,336.4299999999999,1,0
17917,341.28,3,1
17919,1304.04,1,2
17920,4192.2,17,0
17921,826.5199999999998,4,2
17923,207.50000000000003,1,9
17924,2962.5000000000005,7,0
17925,244.08,1,12
17926,397.29,2,4
17928,184.46,2,1
17929,843.0,4,0
17930,1740.4799999999998,5,1
17931,408.36,2,4
17932,1331.5699999999997,3,0
17934,704.25,2,1
17935,142.89,2,4
17936,389.8399999999999,1,0
17937,4301.22,7,0
17939,99.14000000000003,1,5
17940,2238.58,9,1
17941,304.56,1,4
17942,77.50000000000001,1,0
17946,149.57999999999998,2,7
17947,176.68,1,1
17948,358.56000000000006,1,4
17949,58030.48,44,0
17950,482.20000000000005,3,2
17951,1008.5400000000002,3,1
17954,2332.7199999999993,12,0
17955,557.3,4,6
17956,12.75,1,8
17957,110.71999999999998,1,2
17958,508.4599999999999,1,3
17960,73.78,1,5
17961,1296.4400000000003,39,0
17962,102.82999999999998,1,4
17964,471.70000000000005,2,1
17965,2622.5699999999997,14,1
17966,1098.43,5,1
17967,123.07000000000002,1,12
17968,277.34999999999997,1,12
17969,228.2,2,5
17970,582.5899999999999,1,7
17972,136.04,1,8
17973,337.04,1,1
17974,740.79,3,0
17975,4485.51,13,0
17976,353.18999999999994,1,12
17977,288.14,1,0
17978,300.91999999999996,1,12
17979,754.31,4,1
17980,811.45,3,5
17984,152.68000000000006,1,4
17985,634.9499999999999,1,0
17986,20.8,1,1
17987,198.57,1,6
17988,201.12,7,0
17990,630.84,3,7
17991,93.35000000000001,2,7
17994,678.4899999999999,4,4
17995,76.1,1,9
17997,1970.6699999999996,8,2
17999,382.05999999999995,2,1
18001,417.23,2,0
18004,169.46999999999997,1,12
18005,249.72,2,0
18006,444.68,1,0
18008,2116.19,9,2
18009,257.34000000000003,1,7
18010,174.79999999999998,1,8
18011,102.79,1,12
18013,187.29000000000005,2,5
18014,158.47000000000003,1,0
18015,120.03,1,0
18016,1483.56,5,1
18017,523.0,3,2
18018,122.13999999999999,2,3
18019,38.45,1,1
18022,668.1100000000002,1,1
18024,389.78000000000003,2,5
18027,115.30999999999999,1,3
18030,230.64999999999998,2,0
18032,73.5,1,11
18033,97.97000000000004,1,2
18034,422.87999999999994,2,0
18035,730.3999999999999,3,1
18036,405.62,3,1
18037,70.02,6,5
18040,357.20000000000005,2,0
18041,4183.39,21,0
18042,165.04999999999998,1,1
18043,559.51,3,0
18044,2088.6,10,0
18045,189.39999999999995,1,1
18048,172.29000000000002,2,6
18050,74.4,1,11
18053,300.02000000000004,1,2
18055,6784.190000000001,10,0
18056,363.65,1,9
18058,170.16,1,0
18059,306.46000000000004,3,0
18061,2119.4100000000003,10,0
18062,720.5200000000001,3,5
18064,814.0,2,4
18065,2392.83,14,0
18066,318.0,1,2
18067,396.3300000000001,1,1
18068,101.69999999999999,1,9
18069,2036.6700000000003,5,0
18071,453.0,2,8
18072,247.44,1,6
18073,3877.5200000000004,12,3
18074,489.6,1,12
18075,2611.75,10,0
18077,2633.01,11,0
18078,336.13,2,7
18079,3651.970000000001,4,1
18080,1231.5,2,0
18081,343.45000000000005,3,1
18082,703.3699999999997,1,0
18084,90.47999999999999,1,0
18085,689.95,2,11
18086,101.33999999999999,1,9
18087,3202.9199999999996,1,9
18088,167.66999999999996,1,2
18092,9068.26,11,0
18093,2106.52,4,3
18094,3017.2999999999997,7,2
18095,580.05,2,10
18096,911.1499999999994,3,0
18097,2697.8,6,0
18099,168.31000000000003,1,4
18101,223.64999999999998,2,0
18102,259657.30000000005,60,0
18104,754.6400000000002,1,1
18105,113.48000000000002,1,1
18106,430.6999999999999,1,10
18108,271.0,1,8
18109,8052.97,26,0
18110,236.3,1,0
18112,352.69,2,0
18113,76.32000000000001,1,12
18114,220.1,1,9
18116,1414.4299999999996,8,2
18117,319.47,1,0
18118,5651.419999999999,26,0
18119,181.11999999999998,1,12
18120,111.14999999999999,1,7
18121,673.1000000000001,2,4
18122,1824.9899999999998,6,0
18123,589.4399999999999,2,0
18125,1142.9899999999998,4,0
18126,204.49000000000007,1,2
18127,348.73,3,0
18129,112.55,1,8
18130,1059.3899999999999,3,0
18133,931.4999999999999,1,7
18135,681.9100000000001,5,0
18136,784.3299999999999,3,2
18138,152.65,1,9
18139,8438.340000000002,6,0
18142,1019.52,2,5
18143,1000.1599999999999,2,3
18144,2888.75,12,0
18145,2861.55,4,0
18146,160.35000000000002,2,4
18147,179.34,2,1
18149,612.0799999999999,3,1
18150,566.5799999999999,3,1
18151,653.3499999999999,2,4
18154,399.19,2,0
18155,371.62,3,2
18156,734.9399999999998,2,0
18158,453.4000000000001,2,0
18159,530.1500000000002,1,10
18160,638.0600000000002,2,1
18161,1618.69,5,0
18164,399.65000000000003,1,1
18165,302.46000000000004,1,5
18167,1384.8600000000001,3,0
18168,1169.94,6,5
18169,202.65000000000003,1,2
18170,980.3099999999998,3,1
18171,1231.31,5,1
18172,7561.680000000001,20,0
18173,2106.84,4,2
18174,104.0,1,0
18176,476.34999999999997,1,11
18177,1341.42,6,1
18178,1590.8100000000002,4,4
18179,1793.17,6,0
18180,1843.75,6,0
18181,382.79999999999995,1,0
18183,632.07,2,7
18184,49.8,1,0
18185,304.25,1,8
18188,2001.0399999999997,3,0
18189,1090.2399999999998,2,2
18190,284.46,2,6
18191,207.79999999999998,1,8
18192,957.9699999999999,1,2
18193,243.76000000000005,1,5
18194,973.8399999999999,1,2
18196,689.1300000000001,2,3
18198,5425.56,17,0
18200,163.8,1,3
18202,1396.9899999999998,3,6
18203,160.42000000000002,1,5
18204,1993.6999999999998,3,2
18205,517.3599999999999,2,1
18209,139.10000000000002,1,0
18210,2621.38,6,0
18211,600.0700000000002,5,0
18212,248.41999999999993,1,10
18213,232.48000000000002,1,7
18215,299.34000000000003,1,2
18216,481.75,1,1
18217,621.75,2,0
18218,662.08,2,7
18219,2069.77,10,0
18220,305.28000000000003,1,7
18221,1041.61,5,0
18222,443.0,1,3
18223,6484.54,14,0
18224,158.95000000000002,1,8
18225,5509.12,12,0
18226,5228.050000000001,11,1
18227,93.75,1,7
18228,779.9,2,1
18229,7276.900000000001,20,0
18230,2810.2000000000003,7,0
18231,2083.27,5,6
18232,592.97,4,2
18233,440.0,1,10
18235,1796.4800000000002,3,2
18236,882.24,6,0
18237,987.1,5,0
18239,1561.6100000000001,5,7
18240,422.58000000000004,1,1
18241,2073.0899999999997,17,0
18242,2232.49,4,2
18245,2567.06,7,0
18246,596.1,2,0
18248,804.02,2,4
18249,95.34,1,0
18250,349.27000000000004,1,10
18251,4314.719999999999,1,2
18252,526.6699999999997,2,1
18255,103.3,1,2
18257,2337.6300000000006,8,1
18259,2338.6000000000004,3,0
18260,2643.2,6,5
18261,324.24,2,1
18262,149.48,1,4
18263,1213.16,3,0
18265,801.5100000000001,2,2
18268,25.5,1,4
18269,168.6,1,12
18270,283.15,2,1
18272,3078.5800000000004,6,0
18273,204.0,3,0
18274,175.92000000000002,1,1
18276,335.8599999999999,1,1
18277,110.38,1,1
18278,173.89999999999998,1,2
18280,180.6,1,9
18281,80.82,1,6
18282,178.05,2,0
18283,2088.9300000000003,16,0
18287,1837.28,3,1
