CustomerID,age
12747,0
12749,7
12820,7
12821,3
12822,8
12823,7
12824,1
12826,5
12827,1
12828,5
12829,2
12830,0
12831,0
12832,1
12833,2
12834,3
12836,8
12837,2
12838,1
12839,0
12840,8
12841,3
12842,7
12843,4
12844,1
12845,2
12847,6
12849,6
12851,1
12852,2
12853,4
12854,8
12855,0
12856,3
12857,8
12863,4
12864,2
12867,3
12868,7
12871,3
12872,2
12873,1
12875,1
12877,4
12878,5
12879,2
12881,1
12882,8
12883,7
12884,0
12885,8
12886,6
12888,2
12890,1
12891,2
12893,1
12895,1
12897,3
12902,2
12904,3
12906,8
12908,8
12909,7
12910,2
12912,9
12913,7
12915,1
12916,9
12917,0
12919,3
12920,2
12922,2
12923,2
12924,10
12925,1
12928,8
12929,0
12930,0
12933,2
12935,5
12936,4
12937,6
12938,1
12939,2
12940,9
12942,1
12944,3
12945,2
12947,5
12948,5
12949,0
12950,8
12951,3
12952,9
12953,1
12955,2
12956,1
12957,1
12962,0
12963,5
12965,5
12966,5
12967,10
12968,1
12970,3
12974,1
12976,8
12977,0
12980,0
12981,1
12982,3
12984,2
12985,6
12987,2
12988,1
12989,2
12990,1
12991,0
12993,2
12994,8
12995,2
12997,5
12999,2
13000,1
13001,2
13002,2
13003,0
13004,3
13005,1
13006,1
13008,3
13011,1
13012,4
13013,3
13014,0
13015,6
13016,9
13017,0
13018,0
13021,5
13023,1
13026,8
13027,0
13028,2
13029,8
13030,7
13032,7
13033,1
13034,1
13035,5
13037,9
13038,8
13040,2
13043,3
13044,2
13045,0
13046,2
13047,2
13048,7
13049,1
13050,1
13052,3
13055,9
13058,1
13059,2
13060,3
13061,0
13062,1
13064,7
13065,3
13066,0
13067,1
13068,3
13069,2
13070,1
13072,1
13075,7
13077,9
13078,1
13079,1
13080,1
13082,3
13083,2
13085,0
13090,2
13091,2
13092,1
13093,1
13094,4
13095,1
13097,1
13099,2
13101,0
13102,1
13103,1
13104,4
13106,1
13107,9
13108,1
13109,8
13110,3
13113,2
13115,10
13116,2
13117,5
13118,8
13120,3
13121,1
13122,8
13124,8
13126,4
13127,2
13130,2
13131,8
13132,2
13133,2
13134,7
13135,11
13136,5
13137,0
13138,5
13139,2
13140,2
13141,7
13142,2
13144,2
13145,2
13146,3
13147,8
13148,2
13149,7
13151,9
13153,2
13155,10
13157,9
13158,7
13159,8
13160,1
13161,1
13162,9
13165,7
13166,0
13167,9
13168,7
13169,4
13170,3
13171,2
13173,1
13174,9
13176,1
13177,1
13178,3
13182,1
13183,0
13184,4
13185,2
13186,9
13187,1
13188,3
13189,3
13192,9
13193,3
13194,2
13196,7
13198,2
13199,1
13200,7
13203,8
13207,3
13208,7
13209,2
13210,2
13211,7
13212,7
13213,9
13216,2
13217,0
13218,4
13220,10
13221,5
13223,3
13224,6
13225,2
13226,1
13227,2
13228,1
13229,1
13230,5
13232,2
13233,3
13235,8
13236,10
13238,7
13239,2
13240,1
13242,0
13243,0
13244,4
13245,3
13246,5
13247,0
13248,3
13249,8
13253,7
13255,2
13256,2
13258,1
13259,1
13260,2
13261,7
13262,1
13263,3
13265,7
13266,2
13267,0
13268,2
13269,1
13270,2
13271,0
13272,2
13273,0
13276,0
13277,1
13278,2
13279,1
13280,8
13282,7
13283,2
13284,3
13285,9
13291,2
13292,1
13294,6
13295,1
13296,2
13297,7
13298,3
13299,2
13300,0
13301,3
13302,0
13304,0
13305,5
13307,0
13308,6
13309,7
13310,9
13311,2
13313,7
13314,8
13316,6
13317,2
13318,0
13319,2
13320,10
13321,2
13322,0
13323,7
13324,3
13325,1
13327,3
13328,6
13329,7
13330,9
13332,1
13334,8
13336,8
13338,2
13339,8
13340,0
13341,8
13343,1
13344,8
13345,1
13347,2
13348,1
13349,2
13350,6
13351,1
13352,3
13354,2
13355,3
13356,9
13357,0
13358,1
13359,1
13362,6
13363,9
13364,2
13365,7
13366,1
13368,0
13369,1
13370,6
13372,1
13373,9
13375,9
13376,6
13379,1
13381,1
13382,1
13384,1
13385,2
13388,1
13389,9
13390,3
13391,1
13394,4
13395,1
13396,10
13397,7
13398,2
13402,1
13403,2
13404,0
13405,1
13410,6
13411,1
13414,8
13416,11
13417,1
13418,2
13419,0
13420,1
13421,7
13422,8
13425,9
13426,1
13427,1
13428,1
13429,8
13430,2
13431,7
13434,1
13435,1
13436,1
13437,2
13439,2
13441,0
13447,10
13448,2
13449,3
13450,4
13451,10
13452,0
13453,3
13455,6
13456,5
13458,1
13460,0
13461,11
13462,0
13464,1
13466,1
13467,7
13468,4
13470,0
13471,9
13473,3
13474,1
13475,8
13476,8
13477,4
13479,1
13481,8
13482,1
13483,3
13484,1
13485,2
13486,9
13487,1
13488,1
13489,1
13491,4
13494,3
13495,7
13496,0
13497,1
13499,9
13500,7
13502,2
13503,0
13504,1
13506,1
13507,7
13508,1
13509,6
13510,4
13512,1
13513,2
13514,0
13515,7
13516,7
13517,8
13518,1
13519,2
13521,7
13522,0
13523,9
13524,1
13525,1
13527,4
13529,2
13531,2
13532,0
13533,1
13534,3
13536,1
13538,5
13539,2
13544,3
13546,3
13548,0
13549,4
13551,1
13552,0
13555,8
13557,3
13558,0
13560,2
13561,2
13562,8
13563,6
13564,7
13565,2
13566,7
13568,2
13569,2
13570,0
13571,2
13572,7
13573,2
13575,7
13576,0
13577,6
13579,0
13581,3
13583,8
13584,2
13587,10
13588,6
13589,1
13590,4
13591,8
13592,1
13593,8
13594,1
13596,3
13598,3
13599,1
13600,0
13601,3
13602,1
13603,1
13606,0
13607,2
13610,5
13611,9
13614,9
13615,1
13617,1
13618,2
13621,0
13623,7
13626,2
13627,8
13629,0
13630,4
13631,1
13632,8
13634,8
13635,5
13636,6
13637,5
13638,1
13639,5
13642,0
13643,1
13644,6
13645,2
13647,9
13649,0
13650,5
13651,3
13652,7
13654,4
13655,4
13656,2
13657,1
13658,5
13659,9
13662,7
13663,2
13666,1
13667,1
13668,3
13669,1
13670,2
13672,0
13673,1
13675,1
13678,0
13680,8
13681,6
13682,2
13684,2
13685,1
13686,2
13689,8
13690,4
13692,9
13695,4
13697,1
13699,1
13700,5
13703,3
13704,4
13705,7
13706,2
13707,6
13708,1
13709,0
13710,1
13711,1
13712,1
13715,7
13716,2
13717,5
13718,1
13719,8
13720,4
13721,0
13722,8
13723,0
13725,5
13726,8
13727,1
13728,4
13730,4
13731,2
13732,1
13735,7
13736,11
13737,2
13739,1
13740,1
13741,2
13742,1
13743,5
13744,6
13745,1
13747,3
13748,6
13750,5
13751,1
13752,5
13753,7
13754,1
13755,4
13756,2
13758,3
13759,2
13760,1
13761,6
13762,2
13763,7
13764,7
13769,4
13771,5
13772,6
13774,1
13778,3
13780,1
13781,2
13782,4
13784,5
13786,3
13787,2
13790,2
13791,8
13792,4
13799,0
13800,2
13801,0
13802,5
13803,1
13804,4
13805,8
13806,3
13807,2
13808,9
13819,7
13821,0
13822,3
13823,7
13824,9
13826,3
13827,1
13828,1
13831,5
13832,0
13833,2
13835,6
13837,3
13838,2
13841,2
13842,2
13844,3
13845,0
13846,10
13848,5
13849,6
13850,9
13851,6
13853,10
13854,1
13856,1
13858,2
13859,2
13860,9
13862,5
13863,2
13865,3
13866,1
13867,8
13868,9
13869,7
13870,6
13871,2
13873,0
13874,2
13875,12
13876,2
13877,2
13878,7
13880,2
13882,7
13883,10
13884,6
13885,1
13886,1
13887,1
13888,2
13889,3
13890,5
13892,1
13893,8
13894,2
13895,11
13897,2
13898,2
13899,1
13900,6
13901,7
13904,1
13908,4
13911,6
13914,3
13917,1
13918,5
13922,3
13923,2
13924,3
13925,0
13926,0
13927,2
13928,2
13929,8
13930,2
13931,10
13932,0
13933,0
13934,7
13936,1
13937,2
13938,2
13939,2
13940,6
13941,7
13946,1
13947,2
13948,2
13949,5
13950,6
13951,3
13952,7
13953,2
13954,1
13955,3
13956,8
13959,2
13960,2
13962,1
13963,2
13967,2
13969,1
13971,4
13972,2
13973,2
13974,1
13975,3
13976,1
13978,3
13979,6
13980,2
13982,8
13983,3
13984,5
13985,0
13986,2
13988,0
13989,7
13990,2
13991,6
13992,2
13993,0
13994,4
13995,7
13999,2
14000,0
14001,9
14002,3
14004,2
14005,9
14006,7
14009,2
14012,1
14013,2
14014,0
14015,10
14019,10
14020,1
14021,2
14022,0
14023,1
14024,2
14027,0
14029,3
14030,4
14032,4
14034,3
14035,7
14036,1
14037,2
14038,7
14039,1
14040,0
14041,1
14044,2
14045,8
14046,3
14047,8
14048,2
14049,8
14050,7
14051,0
14052,1
14053,3
14054,1
14055,6
14056,1
14057,1
14059,0
14060,0
14062,3
14064,7
14066,1
14067,1
14068,3
14071,3
14073,3
14075,7
14076,1
14077,0
14078,5
14079,0
14080,2
14081,7
14082,2
14083,6
14085,1
14087,3
14089,3
14090,2
14092,2
14093,1
14098,1
14099,1
14100,1
14101,3
14102,8
14104,4
14105,8
14107,4
14108,3
14109,0
14110,1
14111,2
14112,4
14113,8
14114,2
14116,7
14117,3
14121,7
14124,2
14125,8
14126,7
14127,8
14128,0
14129,8
14130,1
14132,2
14133,3
14135,1
14138,8
14139,2
14140,8
14141,8
14142,2
14143,2
14145,10
14146,6
14147,2
14148,2
14149,1
14150,1
14152,0
14154,9
14155,4
14157,1
14158,1
14159,0
14161,7
14162,1
14163,7
14164,5
14165,0
14167,1
14171,2
14173,1
14174,2
14175,7
14176,0
14177,2
14178,4
14179,10
14180,2
14184,0
14185,2
14188,5
14189,3
14191,1
14193,7
14194,2
14195,7
14196,1
14198,8
14199,3
14201,3
14204,1
14205,1
14206,2
14208,2
14209,4
14210,4
14211,4
14212,7
14214,8
14215,5
14216,8
14217,4
14218,1
14219,1
14220,2
14221,0
14222,0
14223,7
14224,9
14226,7
14227,2
14229,9
14231,8
14232,10
14233,5
14234,8
14235,7
14236,1
14237,2
14238,1
14239,4
14240,7
14241,1
14242,1
14243,4
14245,7
14246,4
14247,2
14248,2
14250,5
14251,7
14256,8
14257,6
14258,2
14259,2
14261,7
14262,3
14264,2
14267,8
14270,2
14271,1
14272,2
14273,3
14276,7
14280,2
14282,2
14284,1
14285,6
14286,4
14287,2
14288,2
14289,4
14290,9
14291,2
14292,3
14293,8
14295,4
14297,7
14299,3
14300,2
14301,1
14304,0
14305,8
14306,7
14307,6
14309,4
14311,1
14312,5
14314,3
14315,6
14317,1
14320,1
14321,8
14323,3
14326,1
14327,2
14329,2
14331,2
14332,8
14333,2
14334,3
14336,9
14338,1
14339,3
14340,1
14341,5
14342,2
14344,5
14345,2
14346,8
14348,1
14349,0
14350,1
14351,3
14352,9
14353,2
14354,1
14355,2
14356,6
14357,1
14359,7
14360,6
14362,3
14364,0
14367,2
14368,0
14371,0
14373,2
14375,2
14377,4
14379,3
14381,1
14382,1
14383,7
14385,0
14386,3
14387,9
14388,3
14389,8
14390,1
14393,1
14395,2
14396,0
14397,6
14400,1
14401,1
14403,9
14404,5
14406,3
14407,6
14408,3
14409,4
14410,2
14411,7
14412,8
14413,2
14414,5
14415,1
14416,2
14418,7
14419,4
14420,1
14421,9
14422,2
14423,2
14424,2
14426,2
14427,1
14428,9
14431,2
14432,3
14434,5
14436,1
14437,2
14438,1
14440,6
14441,10
14443,8
14446,8
14447,8
14448,1
14449,7
14450,2
14451,1
14452,1
14453,4
14456,3
14457,2
14459,5
14460,2
14461,9
14462,6
14463,2
14465,11
14466,4
14467,0
14470,1
14472,6
14473,2
14474,1
14475,6
14476,2
14477,8
14479,1
14480,3
14481,1
14482,4
14483,1
14484,3
14485,0
14487,5
14488,7
14489,0
14491,1
14493,9
14494,0
14495,1
14496,2
14497,2
14498,10
14499,6
14500,1
14501,0
14502,5
14503,1
14504,3
14505,0
14506,7
14507,4
14508,1
14511,6
14512,1
14513,2
14514,8
14515,4
14517,2
14518,2
14520,0
14522,7
14523,1
14524,4
14525,0
14527,2
14528,2
14529,2
14530,4
14532,7
14533,5
14534,0
14535,9
14536,0
14537,1
14538,1
14539,0
14540,6
14541,7
14542,1
14543,1
14544,8
14546,6
14547,2
14548,0
14549,3
14550,5
14551,1
14552,2
14553,3
14554,9
14555,2
14557,5
14560,6
14561,7
14562,2
14565,6
14567,11
14569,1
14570,0
14572,6
14573,5
14576,3
14577,8
14578,2
14581,2
14582,2
14583,8
14584,8
14585,2
14586,2
14587,4
14589,0
14591,9
14592,3
14593,2
14594,1
14595,4
14597,6
14598,1
14600,2
14601,2
14603,3
14607,1
14608,9
14609,1
14616,1
14618,2
14619,1
14620,0
14621,8
14622,3
14623,6
14624,0
14625,7
14626,10
14628,3
14629,8
14631,5
14632,1
14633,1
14636,1
14638,0
14639,5
14640,4
14641,0
14642,3
14643,1
14644,6
14645,3
14647,1
14649,9
14651,2
14652,2
14653,4
14655,7
14656,0
14657,7
14658,2
14659,5
14660,4
14661,1
14662,7
14664,0
14665,9
14666,1
14667,3
14669,9
14670,1
14672,6
14673,7
14675,2
14676,6
14681,2
14682,3
14684,7
14687,2
14688,1
14689,0
14690,2
14691,9
14692,2
14693,2
14696,4
14697,2
14698,4
14699,2
14700,8
14701,4
14702,1
14703,2
14704,6
14705,2
14708,8
14709,0
14710,0
14711,4
14712,9
14713,5
14714,1
14715,10
14716,4
14719,8
14720,0
14722,3
14723,5
14725,10
14727,0
14729,1
14730,4
14731,1
14732,4
14733,1
14735,2
14737,10
14738,4
14739,0
14740,6
14741,3
14744,5
14745,5
14747,1
14748,8
14752,1
14753,3
14754,0
14755,2
14756,8
14757,1
14758,8
14759,7
14760,1
14761,3
14762,0
14764,2
14765,1
14766,5
14768,1
14769,2
14770,9
14772,0
14775,5
14776,3
14778,8
14779,1
14780,1
14782,2
14784,1
14785,3
14788,1
14789,2
14790,6
14792,3
14793,3
14794,4
14795,1
14796,0
14798,3
14799,1
14800,2
14801,1
14803,6
14804,2
14805,4
14806,2
14808,5
14810,5
14813,2
14815,9
14816,2
14817,8
14818,3
14819,3
14820,3
14821,2
14823,1
14824,6
14825,4
14828,5
14829,2
14830,1
14834,5
14836,3
14837,8
14840,1
14841,0
14842,8
14844,5
14847,3
14849,0
14850,2
14851,3
14852,3
14853,0
14854,4
14855,2
14856,8
14857,10
14859,5
14860,2
14861,1
14862,10
14863,1
14865,1
14866,1
14867,8
14868,4
14869,6
14870,2
14871,3
14873,0
14875,10
14878,4
14880,8
14881,1
14882,2
14883,5
14885,8
14886,1
14887,6
14888,2
14889,2
14890,2
14891,2
14893,8
14894,3
14895,1
14896,1
14897,8
14898,4
14901,4
14902,3
14903,9
14904,5
14905,1
14907,1
14908,2
14910,2
14913,9
14915,2
14916,11
14918,9
14920,8
14921,10
14923,7
14924,2
14929,0
14944,3
14946,2
14947,2
14948,4
14950,3
14951,2
14952,1
14953,3
14954,3
14957,3
14958,2
14959,3
14960,2
14961,2
14962,2
14963,6
14964,2
14965,1
14966,3
14967,3
14968,1
14970,8
14971,10
14972,3
14973,6
14974,1
14975,3
14976,6
14978,7
14981,2
14984,2
14985,2
14987,3
14988,1
14995,4
14997,3
14998,1
15000,2
15002,9
15004,5
15005,2
15006,2
15007,1
15009,5
15010,2
15012,2
15014,0
15016,1
15017,0
15018,0
15019,1
15021,3
15022,8
15023,0
15024,3
15025,1
15026,2
15027,9
15028,2
15030,1
15031,3
15032,7
15033,5
15034,1
15035,2
15036,2
15038,4
15041,2
15042,0
15043,2
15044,0
15045,8
15046,0
15047,2
15048,2
15049,1
15050,6
15051,8
15052,2
15053,0
15054,0
15057,8
15058,5
15059,6
15060,0
15062,7
15063,3
15065,7
15066,7
15067,10
15068,1
15069,7
15070,1
15071,13
15073,6
15074,9
15075,8
15076,10
15078,2
15079,9
15081,2
15083,0
15087,2
15088,8
15089,4
15090,2
15091,2
15092,3
15093,1
15095,7
15096,1
15097,1
15099,2
15100,9
15101,2
15103,9
15104,9
15105,6
15106,7
15107,3
15109,1
15110,8
15111,9
15113,7
15114,4
15115,1
15116,8
15117,8
15118,1
15119,3
15120,2
15121,1
15122,5
15123,7
15124,2
15125,1
15127,1
15128,8
15129,2
15130,2
15132,7
15133,8
15134,4
15135,0
15136,8
15139,1
15140,4
15142,3
15143,1
15144,2
15145,6
15146,5
15147,1
15148,0
15149,2
15150,2
15152,1
15153,3
15154,2
15156,8
15157,8
15158,2
15160,3
15163,2
15164,7
15165,4
15167,2
15168,1
15171,11
15172,10
15174,0
15175,2
15178,2
15179,10
15180,2
15181,2
15182,1
15184,1
15185,2
15186,2
15187,2
15192,9
15193,2
15194,2
15195,7
15197,7
15198,2
15199,8
15201,6
15203,5
15204,1
15205,1
15206,1
15208,7
15210,2
15211,7
15212,1
15213,1
15214,3
15215,7
15216,2
15218,1
15219,1
15220,3
15221,2
15222,1
15223,10
15224,0
15225,3
15226,0
15227,8
15228,7
15230,4
15232,1
15234,1
15235,5
15236,3
15237,8
15238,5
15239,8
15240,6
15241,3
15243,1
15244,1
15245,8
15246,2
15247,1
15249,1
15251,1
15252,9
15253,8
15254,2
15255,10
15256,1
15257,3
15258,2
15260,2
15261,3
15262,0
15263,1
15264,1
15265,9
15266,3
15267,7
15269,0
15270,4
15271,3
15272,8
15274,7
15275,1
15276,2
15277,2
15279,2
15280,1
15281,4
15286,1
15287,2
15288,9
15289,4
15290,0
15291,1
15292,2
15296,1
15297,2
15298,1
15299,1
15300,1
15301,3
15303,1
15304,4
15306,7
15307,1
15308,3
15312,7
15313,2
15314,2
15315,0
15316,2
15318,2
15319,1
15320,2
15321,7
15322,4
15325,2
15326,3
15327,3
15329,6
15330,6
15333,9
15334,0
15335,0
15339,1
15341,7
15342,2
15343,2
15344,2
15345,4
15346,2
15347,0
15348,3
15349,2
15350,1
15351,4
15353,9
15355,1
15356,5
15358,2
15360,1
15361,1
15363,1
15364,6
15365,5
15366,3
15367,7
15368,0
15370,4
15372,5
15373,5
15374,1
15376,6
15379,3
15380,8
15381,2
15382,1
15384,3
15385,2
15386,2
15389,2
15392,7
15393,1
15394,8
15395,2
15396,2
15397,3
15398,6
15399,8
15400,6
15402,3
15405,1
15406,1
15407,5
15408,1
15410,2
15411,7
15412,1
15414,8
15415,1
15416,9
15417,2
15419,2
15421,6
15422,2
15423,1
15424,1
15426,7
15427,9
15428,3
15429,1
15432,1
15433,2
15434,8
15435,2
15436,6
15437,2
15438,2
15440,1
15442,2
15443,1
15444,8
15445,1
15447,2
15448,1
15449,5
15450,4
15452,2
15453,6
15454,2
15456,2
15457,2
15458,0
15460,1
15462,3
15463,1
15464,8
15465,2
15466,2
15467,1
15468,2
15469,2
15471,1
15472,1
15473,4
15475,0
15478,8
15482,1
15483,2
15484,7
15485,8
15488,1
15489,8
15491,2
15492,3
15493,11
15494,6
15497,8
15498,1
15500,8
15502,3
15503,1
15504,2
15505,8
15506,9
15507,1
15508,5
15510,2
15511,7
15512,1
15513,4
15514,1
15516,1
15517,1
15518,3
15520,2
15521,0
15522,0
15523,4
15524,4
15525,8
15526,1
15527,2
15528,2
15529,2
15530,6
15531,9
15532,6
15533,10
15535,1
15537,3
15539,0
15540,2
15541,1
15543,1
15544,1
15545,2
15547,1
15549,7
15550,0
15551,3
15552,3
15553,0
15554,2
15555,1
15556,3
15557,1
15561,7
15562,4
15563,8
15565,2
15567,1
15568,7
15569,6
15570,3
15571,1
15572,5
15573,0
15574,8
15576,10
15577,1
15578,1
15579,3
15581,4
15582,1
15584,9
15585,0
15587,5
15589,2
15592,2
15593,1
15594,7
15596,9
15597,2
15598,4
15599,5
15601,2
15602,3
15603,1
15604,2
15605,9
15606,4
15607,1
15608,10
15609,2
15610,2
15611,4
15612,2
15615,2
15618,9
15619,1
15620,8
15621,7
15622,1
15623,2
15624,2
15625,7
15626,0
15628,6
15630,11
15632,1
15634,0
15636,8
15637,1
15639,1
15640,3
15641,7
15643,1
15644,8
15645,1
15646,3
15648,1
15649,8
15651,1
15652,1
15653,10
15654,6
15655,1
15656,7
15657,3
15658,8
15659,3
15660,3
15661,2
15663,1
15664,2
15665,7
15667,3
15668,1
15669,1
15670,1
15671,4
15673,8
15674,10
15675,2
15676,10
15677,3
15678,1
15679,6
15680,4
15681,9
15683,2
15687,4
15689,2
15690,1
15691,1
15692,1
15694,3
15695,3
15696,4
15699,0
15700,2
15701,8
15703,0
15704,7
15705,1
15706,5
15707,8
15708,1
15709,3
15712,12
15713,2
15714,3
15716,7
15717,1
15719,3
15720,1
15721,1
15722,6
15723,1
15724,2
15725,2
15727,1
15729,2
15730,6
15732,2
15733,1
15734,7
15737,6
15738,1
15739,1
15740,0
15743,9
15744,2
15745,6
15746,2
15747,7
15748,1
15750,3
15752,5
15753,2
15754,1
15755,4
15756,2
15757,6
15758,2
15759,0
15762,2
15763,9
15764,2
15766,2
15768,2
15773,1
15774,0
15775,0
15776,1
15777,8
15780,1
15781,0
15782,9
15783,1
15785,7
15786,9
15787,6
15789,0
15790,0
15791,7
15793,9
15795,0
15796,5
15797,9
15799,7
15800,2
15801,7
15803,0
15804,2
15805,1
15806,8
15807,9
15808,6
15809,1
15810,9
15811,4
15812,6
15813,10
15814,8
15815,7
15819,6
15820,1
15821,1
15822,7
15823,2
15825,0
15826,6
15827,5
15829,2
15830,0
15831,9
15832,7
15834,7
15835,6
15836,3
15837,2
15839,7
15840,0
15841,9
15843,2
15844,2
15845,3
15847,1
15850,2
15852,1
15853,1
15854,2
15855,7
15857,1
15858,6
15860,3
15861,2
15862,5
15863,1
15864,6
15865,7
15866,1
15867,2
15869,2
15870,2
15872,1
15874,0
15877,2
15880,2
15881,1
15882,1
15883,1
15885,2
15886,3
15888,3
15889,3
15891,2
15894,3
15895,3
15897,2
15898,11
15899,2
15900,1
15901,0
15903,3
15904,3
15906,5
15907,6
15909,0
15910,4
15912,0
15916,5
15917,2
15918,3
15919,1
15920,0
15921,1
15922,2
15923,1
15925,2
15930,2
15932,5
15933,8
15935,1
15937,0
15938,1
15939,1
15940,1
15942,1
15944,3
15945,1
15947,5
15948,8
15949,1
15950,9
15951,5
15952,5
15953,5
15955,2
15957,2
15958,2
15963,1
15965,5
15967,3
15969,2
15970,1
15971,1
15973,1
15974,1
15975,0
15976,2
15977,7
15978,11
15980,6
15981,3
15983,8
15984,6
15985,8
15986,2
15987,5
15988,3
15990,5
15992,1
15993,5
15994,2
15996,3
15998,6
16000,6
16003,7
16005,2
16006,3
16007,5
16008,1
16009,6
16010,1
16011,0
16012,8
16014,0
16015,8
16016,5
16017,2
16018,2
16019,1
16020,8
16022,1
16023,8
16024,3
16025,1
16026,0
16027,5
16030,1
16031,1
16033,2
16034,3
16036,10
16037,7
16038,2
16040,7
16041,9
16042,5
16043,9
16045,7
16048,2
16049,6
16050,1
16052,1
16053,8
16054,7
16055,2
16056,2
16057,5
16059,4
16062,5
16063,3
16065,1
16066,5
16070,8
16071,1
16072,1
16073,1
16076,3
16078,1
16079,9
16080,2
16081,8
16083,6
16084,3
16085,9
16086,7
16091,2
16092,10
16093,2
16094,8
16096,4
16097,0
16098,5
16099,8
16101,9
16102,8
16103,3
16104,3
16105,1
16106,0
16107,1
16108,10
16109,2
16110,7
16112,0
16113,0
16114,3
16115,5
16116,2
16117,2
16119,1
16120,7
16121,6
16122,2
16123,0
16124,2
16125,2
16126,8
16127,3
16128,10
16131,1
16133,0
16134,0
16135,2
16136,7
16139,1
16140,7
16141,2
16142,1
16143,5
16144,2
16145,4
16146,8
16147,3
16148,2
16149,1
16150,9
16152,8
16153,9
16156,3
16157,0
16159,2
16160,7
16161,4
16162,1
16163,8
16164,11
16168,3
16169,7
16170,5
16171,4
16172,10
16173,4
16174,7
16175,7
16177,1
16178,3
16179,2
16180,0
16181,1
16182,7
16183,2
16184,5
16185,3
16186,0
16187,2
16188,8
16189,3
16190,0
16191,1
16193,2
16198,3
16200,10
16201,7
16202,2
16203,1
16204,1
16205,8
16206,2
16207,1
16208,3
16209,9
16211,1
16212,0
16213,1
16214,8
16215,2
16216,8
16217,0
16218,1
16221,6
16222,4
16224,7
16225,8
16226,2
16227,1
16229,6
16230,2
16232,8
16233,1
16235,8
16236,2
16239,3
16240,7
16241,5
16242,1
16243,1
16244,6
16245,7
16247,1
16248,2
16249,7
16250,2
16253,9
16255,6
16256,8
16257,2
16258,9
16260,6
16261,8
16265,1
16266,2
16268,3
16270,6
16271,9
16272,3
16274,2
16275,0
16276,7
16278,2
16279,7
16281,8
16282,1
16283,9
16284,9
16287,1
16292,2
16293,2
16295,8
16297,2
16298,2
16302,2
16303,5
16305,2
16306,4
16308,8
16309,9
16311,1
16313,3
16315,2
16316,7
16317,9
16318,1
16319,1
16322,2
16323,0
16324,3
16325,1
16326,1
16327,2
16330,0
16332,6
16337,2
16338,4
16339,1
16340,2
16341,7
16342,1
16343,2
16344,0
16345,2
16347,8
16348,5
16349,0
16350,5
16351,0
16352,2
16353,2
16354,3
16356,3
16357,3
16358,8
16359,4
16360,2
16361,8
16362,7
16363,3
16364,5
16365,5
16366,2
16367,7
16368,2
16369,10
16370,6
16372,0
16374,2
16376,5
16377,0
16378,2
16379,7
16380,7
16383,0
16384,0
16385,1
16386,2
16387,2
16389,8
16392,1
16393,2
16394,9
16395,9
16398,6
16399,2
16400,1
16401,3
16402,2
16403,1
16404,3
16405,1
16406,3
16407,4
16409,8
16411,1
16412,2
16413,1
16414,1
16415,0
16416,10
16418,2
16419,4
16423,2
16424,0
16425,1
16426,5
16427,0
16429,1
16430,3
16431,2
16432,1
16433,2
16434,4
16438,8
16440,7
16441,3
16442,2
16444,0
16445,3
16447,1
16448,2
16449,8
16450,0
16451,1
16454,1
16455,4
16456,9
16457,1
16458,2
16460,9
16461,2
16462,2
16463,8
16464,8
16466,5
16468,2
16469,2
16470,7
16471,1
16473,2
16474,6
16475,2
16477,4
16478,1
16479,0
16480,9
16482,2
16483,2
16484,1
16485,0
16488,2
16491,9
16493,7
16494,6
16495,2
16496,8
16497,3
16498,3
16499,0
16500,4
16503,4
16504,2
16505,9
16506,0
16509,1
16510,4
16511,6
16513,6
16515,6
16516,2
16517,3
16518,3
16519,2
16520,8
16523,2
16525,0
16526,2
16527,2
16528,1
16529,2
16531,4
16532,8
16533,7
16535,2
16536,1
16539,8
16542,2
16545,2
16546,7
16549,0
16550,8
16551,5
16552,1
16553,1
16554,7
16555,1
16556,3
16557,0
16558,1
16560,8
16561,2
16563,9
16565,1
16566,3
16567,7
16569,2
16570,2
16571,7
16572,7
16573,3
16574,1
16581,2
16582,2
16583,2
16584,9
16586,2
16587,2
16589,0
16591,0
16592,1
16593,1
16594,1
16595,2
16596,2
16597,0
16598,3
16600,4
16601,1
16602,3
16603,0
16607,1
16609,1
16610,1
16611,2
16612,9
16613,1
16614,0
16616,3
16617,1
16618,8
16619,2
16620,1
16621,6
16623,2
16624,3
16625,2
16626,1
16627,1
16628,9
16629,1
16633,5
16634,1
16637,7
16638,5
16639,7
16641,1
16642,0
16643,0
16644,8
16647,1
16648,1
16650,2
16652,1
16653,9
16654,1
16655,2
16656,2
16657,5
16658,0
16659,1
16660,5
16665,1
16666,3
16667,3
16668,5
16669,3
16670,2
16671,9
16672,3
16674,2
16676,9
16678,1
16679,2
16680,0
16681,5
16682,5
16685,2
16686,1
16688,5
16689,1
16690,1
16692,6
16693,3
16696,2
16697,3
16698,7
16700,2
16701,3
16705,2
16706,1
16708,0
16709,5
16710,4
16711,8
16712,1
16713,3
16714,8
16715,1
16716,9
16717,2
16718,1
16719,5
16720,2
16721,1
16722,3
16723,2
16725,4
16726,9
16727,1
16728,8
16729,1
16730,6
16732,1
16734,0
16735,7
16737,3
16738,2
16739,1
16743,5
16744,2
16745,2
16746,0
16747,8
16748,7
16750,2
16751,8
16752,2
16753,2
16754,7
16755,7
16756,2
16757,3
16758,2
16759,9
16761,0
16762,8
16763,2
16764,5
16765,1
16766,7
16767,1
16768,0
16769,3
16770,5
16771,6
16773,2
16774,0
16775,5
16776,1
16777,1
16778,1
16779,2
16780,2
16781,2
16782,4
16784,0
16788,0
16789,0
16790,4
16791,4
16792,2
16793,1
16794,6
16795,2
16796,3
16800,6
16801,4
16803,1
16804,1
16805,3
16806,5
16807,7
16808,2
16809,7
16810,2
16811,1
16812,2
16813,4
16814,2
16816,1
16817,5
16818,1
16820,1
16823,0
16824,2
16825,9
16826,2
16828,1
16829,1
16830,1
16832,2
16833,6
16834,3
16835,1
16836,1
16837,2
16838,0
16841,4
16842,7
16843,2
16846,3
16847,1
16848,1
16849,1
16850,3
16851,0
16852,0
16855,1
16856,1
16858,2
16859,8
16861,0
16863,0
16866,1
16869,7
16871,3
16872,2
16873,0
16875,7
16877,4
16878,2
16880,7
16881,2
16882,9
16883,2
16884,1
16885,0
16887,1
16889,8
16891,6
16892,0
16893,3
16895,2
16897,2
16898,3
16899,3
16900,6
16902,7
16903,3
16904,1
16905,0
16906,2
16907,10
16909,2
16910,4
16912,6
16913,3
16914,2
16915,4
16916,1
16917,3
16918,4
16919,3
16921,3
16923,4
16924,9
16926,3
16927,2
16928,7
16929,2
16930,2
16931,0
16932,0
16933,1
16934,9
16936,1
16938,8
16940,7
16942,2
16943,8
16945,1
16947,1
16948,1
16949,4
16950,8
16951,7
16952,1
16953,2
16954,5
16955,0
16956,1
16957,1
16959,3
16960,0
16961,2
16963,0
16965,0
16966,4
16967,2
16968,3
16969,0
16971,3
16976,2
16978,3
16979,4
16980,6
16982,2
16983,4
16984,6
16985,3
16986,8
16987,5
16988,1
16989,7
16990,2
16992,4
16996,4
16997,8
16998,3
16999,1
17001,2
17002,7
17004,8
17006,7
17007,4
17010,1
17011,1
17014,2
17015,7
17017,1
17018,10
17019,4
17022,2
17024,1
17025,2
17026,2
17027,6
17029,5
17030,0
17031,1
17033,7
17034,10
17035,1
17037,11
17038,0
17040,2
17041,7
17042,8
17043,7
17044,8
17045,2
17046,2
17047,9
17048,8
17049,3
17050,2
17051,2
17052,3
17053,2
17054,10
17058,9
17059,10
17060,3
17061,2
17062,1
17063,7
17064,4
17068,2
17069,5
17070,2
17071,6
17073,8
17075,8
17076,9
17078,1
17079,2
17080,3
17081,1
17082,8
17083,9
17084,7
17085,5
17086,5
17088,7
17090,2
17091,1
17092,8
17094,1
17095,9
17096,10
17100,6
17101,6
17102,1
17105,0
17107,1
17109,4
17110,3
17111,2
17114,5
17115,9
17117,3
17118,3
17119,2
17120,3
17122,2
17123,2
17124,3
17125,2
17126,7
17128,0
17131,8
17133,1
17134,2
17135,6
17138,1
17139,3
17140,1
17142,3
17144,7
17146,8
17147,6
17148,1
17152,6
17153,2
17154,2
17155,0
17157,2
17158,8
17159,9
17160,1
17162,4
17163,1
17164,4
17165,3
17166,2
17169,10
17171,3
17172,1
17173,3
17174,2
17175,11
17176,3
17179,8
17180,7
17181,2
17183,3
17186,2
17187,2
17188,5
17189,2
17190,1
17191,5
17193,5
17194,2
17197,8
17198,2
17201,2
17203,2
17204,8
17205,0
17206,0
17211,5
17212,1
17213,5
17214,6
17217,2
17218,5
17219,1
17220,1
17221,3
17222,0
17223,1
17226,2
17227,5
17228,7
17229,1
17230,1
17231,0
17232,3
17233,2
17234,2
17235,2
17236,6
17237,0
17238,1
17239,1
17242,8
17243,1
17244,9
17245,1
17247,1
17248,1
17250,3
17251,3
17252,1
17253,2
17254,2
17255,2
17256,2
17259,1
17262,6
17263,2
17265,1
17266,2
17267,1
17268,7
17272,9
17274,1
17277,9
17278,2
17279,0
17282,7
17284,4
17286,2
17287,4
17288,6
17289,8
17290,1
17291,0
17293,4
17295,1
17297,1
17298,1
17299,2
17301,1
17302,7
17303,2
17306,1
17309,0
17311,8
17312,0
17313,8
17314,5
17315,2
17317,9
17320,6
17321,9
17323,7
17324,8
17325,1
17329,2
17330,3
17331,2
17333,2
17334,3
17337,7
17338,0
17339,3
17340,1
17341,7
17343,0
17344,1
17345,1
17346,5
17347,1
17348,6
17349,2
17350,8
17351,3
17353,7
17354,8
17356,2
17357,0
17358,3
17359,2
17360,2
17361,1
17362,2
17364,0
17365,0
17367,0
17368,6
17370,2
17371,2
17372,4
17373,3
17374,2
17375,1
17376,1
17377,0
17379,3
17382,1
17383,1
17384,2
17385,3
17386,3
17387,5
17388,7
17391,1
17392,1
17394,1
17396,3
17397,2
17398,2
17400,7
17402,4
17403,3
17405,9
17406,8
17408,1
17409,8
17410,9
17411,5
17412,5
17414,8
17415,1
17416,2
17418,1
17419,2
17420,2
17422,5
17423,0
17425,6
17426,1
17427,3
17429,2
17430,2
17431,1
17432,0
17433,1
17434,4
17436,1
17438,1
17440,2
17442,5
17446,2
17447,2
17449,3
17451,4
17453,1
17454,1
17455,3
17456,1
17457,6
17458,1
17459,2
17460,5
17461,7
17462,1
17463,7
17464,1
17466,6
17468,2
17469,5
17470,7
17472,9
17475,0
17480,1
17481,7
17483,2
17486,0
17489,2
17490,4
17491,1
17492,2
17495,1
17496,1
17498,2
17499,1
17500,7
17501,3
17502,1
17503,2
17504,6
17505,8
17506,3
17507,2
17509,2
17510,3
17512,5
17513,1
17514,2
17515,1
17516,8
17517,1
17519,5
17520,3
17521,7
17522,8
17523,1
17524,2
17525,1
17526,8
17527,8
17528,2
17530,4
17531,1
17534,1
17535,2
17536,3
17537,10
17538,2
17540,0
17542,2
17545,1
17548,4
17549,1
17550,2
17551,1
17552,6
17553,10
17554,7
17555,2
17556,2
17557,1
17560,7
17561,3
17562,3
17564,1
17566,6
17567,2
17569,3
17571,7
17572,1
17573,1
17574,1
17576,1
17578,0
17579,1
17580,2
17581,2
17582,3
17584,8
17585,9
17588,7
17589,8
17590,9
17591,6
17593,7
17594,6
17595,1
17596,6
17597,9
17600,1
17601,1
17602,3
17603,1
17604,3
17608,3
17609,7
17611,1
17612,5
17613,1
17614,2
17615,2
17616,0
17618,7
17619,0
17620,3
17621,6
17623,2
17624,10
17625,6
17628,3
17629,4
17630,1
17631,3
17633,8
17634,5
17636,0
17637,2
17639,1
17640,1
17642,7
17643,1
17644,6
17646,8
17647,2
17648,7
17649,9
17650,4
17651,1
17652,1
17653,7
17654,2
17655,5
17656,8
17658,2
17659,7
17660,1
17663,6
17664,2
17666,6
17667,9
17668,2
17669,0
17670,1
17671,8
17672,9
17673,4
17674,0
17676,5
17678,2
17679,9
17680,1
17682,4
17684,1
17685,1
17686,1
17690,2
17691,0
17692,7
17693,2
17694,2
17695,6
17696,6
17697,1
17698,1
17700,6
17701,3
17702,7
17703,10
17704,8
17705,4
17706,2
17707,2
17708,2
17709,1
17711,2
17712,3
17714,1
17715,2
17716,1
17718,2
17719,0
17720,8
17722,8
17723,3
17724,8
17725,1
17727,7
17728,7
17730,1
17731,7
17732,2
17733,2
17734,7
17735,2
17736,3
17737,0
17738,4
17739,4
17742,2
17744,3
17746,1
17747,0
17749,0
17750,5
17752,2
17754,6
17757,0
17758,1
17759,10
17760,2
17761,8
17763,1
17764,6
17765,3
17767,0
17768,8
17769,2
17770,10
17771,1
17772,2
17774,8
17775,2
17777,1
17779,4
17781,2
17783,1
17785,1
17786,0
17787,6
17788,9
17789,1
17790,4
17791,1
17793,2
17795,4
17796,0
17797,9
17799,3
17800,6
17802,10
17805,1
17806,3
17809,1
17811,2
17812,7
17813,7
17816,2
17817,2
17819,3
17824,1
17827,9
17830,1
17831,3
17832,2
17835,1
17836,2
17837,5
17838,8
17839,3
17843,3
17848,5
17849,1
17850,2
17852,3
17854,1
17855,3
17856,9
17858,2
17859,0
17860,1
17861,4
17862,2
17863,3
17864,1
17865,1
17866,1
17867,4
17869,0
17870,3
17871,1
17873,8
17874,5
17877,4
17878,0
17879,2
17880,2
17881,2
17883,1
17884,8
17885,1
17886,7
17887,2
17888,4
17889,1
17890,2
17891,2
17892,2
17893,1
17894,4
17895,2
17896,2
17897,0
17898,2
17899,2
17900,2
17901,0
17904,1
17905,6
17906,0
17908,1
17911,0
17912,0
17913,2
17914,2
17917,2
17919,9
17920,4
17921,10
17923,3
17924,4
17925,1
17926,1
17928,1
17929,6
17930,11
17931,1
17932,8
17934,6
17935,2
17936,0
17937,2
17939,2
17940,4
17941,1
17942,1
17946,3
17947,1
17948,3
17950,1
17951,7
17954,3
17955,2
17956,2
17957,1
17958,3
17960,1
17961,4
17962,1
17964,3
17965,5
17966,10
17967,0
17968,2
17969,1
17970,2
17972,3
17973,1
17974,5
17975,2
17976,2
17977,0
17978,0
17979,8
17980,6
17984,3
17985,0
17986,2
17987,1
17988,4
17990,2
17991,1
17994,1
17995,1
17997,5
17999,2
18001,2
18004,3
18005,1
18006,2
18008,4
18009,3
18010,2
18011,1
18013,2
18014,2
18015,1
18016,6
18017,0
18018,1
18019,2
18022,1
18024,3
18027,2
18030,0
18032,1
18033,2
18034,0
18035,6
18036,0
18037,5
18040,1
18041,1
18042,0
18043,2
18044,5
18045,0
18048,2
18050,4
18053,2
18055,2
18056,1
18058,2
18059,3
18061,4
18062,9
18064,7
18065,5
18066,2
18067,2
18068,0
18069,8
18071,1
18072,3
18073,3
18074,0
18075,4
18077,4
18078,0
18079,6
18080,8
18081,1
18082,5
18084,1
18085,4
18086,1
18087,9
18088,0
18092,1
18093,7
18094,1
18095,3
18096,7
18097,5
18099,2
18101,2
18104,9
18105,1
18106,1
18108,4
18109,1
18110,2
18112,2
18113,2
18114,0
18116,6
18117,3
18118,1
18119,1
18120,2
18121,0
18122,4
18123,1
18125,7
18126,2
18127,1
18129,2
18130,6
18133,10
18135,2
18136,7
18138,3
18139,2
18142,9
18143,9
18144,4
18145,9
18146,0
18147,3
18149,1
18150,0
18151,0
18154,1
18155,3
18156,5
18158,1
18159,2
18160,0
18161,12
18164,1
18165,1
18167,7
18168,5
18169,2
18170,9
18171,7
18172,2
18173,10
18174,2
18176,1
18177,4
18178,7
18179,5
18180,6
18181,2
18183,2
18184,0
18185,3
18188,11
18189,7
18190,1
18191,3
18192,7
18193,1
18194,5
18196,2
18198,1
18200,0
18202,6
18203,0
18204,9
18205,2
18209,3
18210,5
18211,0
18212,3
18213,3
18215,1
18216,3
18217,2
18218,1
18219,4
18220,3
18221,7
18222,2
18223,1
18224,2
18225,0
18226,0
18227,2
18228,8
18229,1
18230,5
18231,9
18232,2
18233,2
18235,6
18236,4
18237,6
18239,9
18240,2
18241,3
18242,8
18245,5
18246,3
18248,6
18249,2
18250,2
18251,8
18252,1
18255,2
18257,5
18259,8
18260,5
18261,2
18262,2
18263,8
18265,7
18268,1
18269,2
18270,1
18272,1
18273,0
18274,1
18276,2
18277,3
18278,1
18280,1
18281,1
18282,2
18283,4
18287,8
